Date,Geography,Measure Type,Unit,Value
2018-11,E01004768,count,persons,5
2018-11,E01004803,count,persons,5
2018-11,E01004804,count,persons,5
2018-11,E01004807,count,persons,5
2018-11,E01004808,count,persons,5
2018-11,E01004788,count,persons,10
2018-11,E01004790,count,persons,10
2018-11,E01004805,count,persons,5
2018-11,E01004806,count,persons,5
2018-11,E01004810,count,persons,10
2018-11,E01004769,count,persons,10
2018-11,E01004770,count,persons,5
2018-11,E01004771,count,persons,5
2018-11,E01004773,count,persons,25
2018-11,E01004809,count,persons,25
2018-11,E01004777,count,persons,20
2018-11,E01004881,count,persons,20
2018-11,E01004888,count,persons,20
2018-11,E01004889,count,persons,20
2018-11,E01004890,count,persons,20
2018-11,E01004766,count,persons,40
2018-11,E01004767,count,persons,25
2018-11,E01004772,count,persons,45
2018-11,E01004774,count,persons,35
2018-11,E01004824,count,persons,30
2018-11,E01004784,count,persons,0
2018-11,E01004785,count,persons,15
2018-11,E01004786,count,persons,10
2018-11,E01004789,count,persons,5
2018-11,E01004791,count,persons,5
2018-11,E01004792,count,persons,5
2018-11,E01004779,count,persons,20
2018-11,E01004781,count,persons,10
2018-11,E01004882,count,persons,10
2018-11,E01004883,count,persons,20
2018-11,E01004884,count,persons,10
2018-11,E01004864,count,persons,15
2018-11,E01004867,count,persons,35
2018-11,E01004921,count,persons,25
2018-11,E01004924,count,persons,5
2018-11,E01004925,count,persons,10
2018-11,E01004778,count,persons,5
2018-11,E01004780,count,persons,10
2018-11,E01004782,count,persons,15
2018-11,E01004783,count,persons,10
2018-11,E01004802,count,persons,60
2018-11,E01004926,count,persons,50
2018-11,E01004927,count,persons,90
2018-11,E01004929,count,persons,35
2018-11,E01004820,count,persons,90
2018-11,E01004825,count,persons,55
2018-11,E01004826,count,persons,60
2018-11,E01004865,count,persons,35
2018-11,E01004866,count,persons,75
2018-11,E01004840,count,persons,10
2018-11,E01004841,count,persons,80
2018-11,E01004842,count,persons,5
2018-11,E01004919,count,persons,15
2018-11,E01004920,count,persons,25
2018-11,E01004787,count,persons,100
2018-11,E01004793,count,persons,65
2018-11,E01004794,count,persons,85
2018-11,E01004795,count,persons,50
2018-11,E01004797,count,persons,40
2018-11,E01004775,count,persons,5
2018-11,E01004885,count,persons,0
2018-11,E01004886,count,persons,30
2018-11,E01004887,count,persons,20
2018-11,E01004868,count,persons,40
2018-11,E01004869,count,persons,70
2018-11,E01004870,count,persons,90
2018-11,E01004871,count,persons,30
2018-11,E01004922,count,persons,40
2018-11,E01004822,count,persons,65
2018-11,E01004823,count,persons,135
2018-11,E01004848,count,persons,85
2018-11,E01033217,count,persons,55
2018-11,E01033220,count,persons,90
2018-11,E01004818,count,persons,95
2018-11,E01004819,count,persons,30
2018-11,E01004928,count,persons,45
2018-11,E01004930,count,persons,15
2018-11,E01004931,count,persons,25
2018-11,E01004932,count,persons,40
2018-11,E01004834,count,persons,25
2018-11,E01004838,count,persons,40
2018-11,E01004843,count,persons,10
2018-11,E01004845,count,persons,15
2018-11,E01004923,count,persons,30
2018-11,E01004796,count,persons,25
2018-11,E01004798,count,persons,35
2018-11,E01004799,count,persons,5
2018-11,E01004800,count,persons,10
2018-11,E01004801,count,persons,60
2018-11,E01004917,count,persons,40
2018-11,E01004835,count,persons,10
2018-11,E01004836,count,persons,15
2018-11,E01004837,count,persons,5
2018-11,E01004844,count,persons,0
2018-11,E01004897,count,persons,5
2018-11,E01004827,count,persons,55
2018-11,E01004849,count,persons,40
2018-11,E01004850,count,persons,115
2018-11,E01004851,count,persons,60
2018-11,E01004853,count,persons,45
2018-11,E01004811,count,persons,35
2018-11,E01004812,count,persons,40
2018-11,E01004813,count,persons,25
2018-11,E01004815,count,persons,40
2018-11,E01004817,count,persons,50
2018-11,E01004828,count,persons,60
2018-11,E01004829,count,persons,30
2018-11,E01004832,count,persons,20
2018-11,E01004854,count,persons,20
2018-11,E01004878,count,persons,25
2018-11,E01004911,count,persons,40
2018-11,E01004912,count,persons,5
2018-11,E01004913,count,persons,25
2018-11,E01004914,count,persons,10
2018-11,E01004915,count,persons,5
2018-11,E01004916,count,persons,25
2018-11,E01004918,count,persons,10
2018-11,E01004846,count,persons,30
2018-11,E01004847,count,persons,50
2018-11,E01004852,count,persons,20
2018-11,E01004877,count,persons,65
2018-11,E01004879,count,persons,50
2018-11,E01004830,count,persons,35
2018-11,E01004831,count,persons,20
2018-11,E01004833,count,persons,10
2018-11,E01004839,count,persons,75
2018-11,E01004814,count,persons,25
2018-11,E01004855,count,persons,35
2018-11,E01004856,count,persons,60
2018-11,E01004857,count,persons,60
2018-11,E01004891,count,persons,5
2018-11,E01004893,count,persons,5
2018-11,E01004894,count,persons,10
2018-11,E01004901,count,persons,5
2018-11,E01033218,count,persons,10
2018-11,E01033219,count,persons,0
2018-11,E01004816,count,persons,25
2018-11,E01004872,count,persons,30
2018-11,E01004873,count,persons,35
2018-11,E01004875,count,persons,15
2018-11,E01004880,count,persons,10
2018-11,E01004892,count,persons,5
2018-11,E01004896,count,persons,5
2018-11,E01004899,count,persons,15
2018-11,E01004900,count,persons,15
2018-11,E01004776,count,persons,25
2018-11,E01004895,count,persons,20
2018-11,E01004936,count,persons,10
2018-11,E01004938,count,persons,40
2018-11,E01004939,count,persons,30
2018-11,E01004858,count,persons,35
2018-11,E01004859,count,persons,60
2018-11,E01004860,count,persons,25
2018-11,E01004902,count,persons,30
2018-11,E01004906,count,persons,40
2018-11,E01004861,count,persons,50
2018-11,E01004862,count,persons,50
2018-11,E01004863,count,persons,55
2018-11,E01004874,count,persons,30
2018-11,E01004876,count,persons,50
2018-11,E01004903,count,persons,5
2018-11,E01004904,count,persons,15
2018-11,E01004905,count,persons,25
2018-11,E01004907,count,persons,25
2018-11,E01004908,count,persons,15
2018-11,E01004909,count,persons,25
2018-11,E01004910,count,persons,10
2018-11,E01004933,count,persons,10
2018-11,E01004934,count,persons,15
2018-11,E01004935,count,persons,10
2018-11,E01004937,count,persons,10
2018-11,E01004940,count,persons,10
2018-11,E01005014,count,persons,20
2018-11,E01005015,count,persons,20
2018-11,E01005016,count,persons,5
2018-11,E01005017,count,persons,15
2018-11,E01005018,count,persons,25
2018-11,E01005021,count,persons,0
2018-11,E01005019,count,persons,10
2018-11,E01005023,count,persons,10
2018-11,E01005046,count,persons,5
2018-11,E01005048,count,persons,5
2018-11,E01005020,count,persons,5
2018-11,E01005022,count,persons,5
2018-11,E01005047,count,persons,5
2018-11,E01005049,count,persons,10
2018-11,E01005051,count,persons,10
2018-11,E01004976,count,persons,35
2018-11,E01004977,count,persons,25
2018-11,E01004978,count,persons,25
2018-11,E01004981,count,persons,10
2018-11,E01004982,count,persons,15
2018-11,E01004961,count,persons,30
2018-11,E01004965,count,persons,5
2018-11,E01004966,count,persons,45
2018-11,E01004967,count,persons,5
2018-11,E01004963,count,persons,25
2018-11,E01004968,count,persons,10
2018-11,E01005050,count,persons,10
2018-11,E01005052,count,persons,10
2018-11,E01005053,count,persons,5
2018-11,E01004954,count,persons,25
2018-11,E01004955,count,persons,35
2018-11,E01004956,count,persons,40
2018-11,E01004957,count,persons,95
2018-11,E01004960,count,persons,130
2018-11,E01004958,count,persons,50
2018-11,E01004959,count,persons,60
2018-11,E01004979,count,persons,80
2018-11,E01004980,count,persons,60
2018-11,E01005024,count,persons,55
2018-11,E01005026,count,persons,25
2018-11,E01004947,count,persons,40
2018-11,E01004948,count,persons,70
2018-11,E01004962,count,persons,25
2018-11,E01004964,count,persons,30
2018-11,E01004949,count,persons,5
2018-11,E01004950,count,persons,5
2018-11,E01004951,count,persons,10
2018-11,E01004952,count,persons,0
2018-11,E01004953,count,persons,10
2018-11,E01005025,count,persons,35
2018-11,E01005027,count,persons,50
2018-11,E01005028,count,persons,70
2018-11,E01005029,count,persons,40
2018-11,E01005000,count,persons,5
2018-11,E01005001,count,persons,10
2018-11,E01005005,count,persons,5
2018-11,E01005006,count,persons,20
2018-11,E01005030,count,persons,45
2018-11,E01005054,count,persons,15
2018-11,E01005059,count,persons,25
2018-11,E01005060,count,persons,20
2018-11,E01004997,count,persons,25
2018-11,E01004998,count,persons,10
2018-11,E01004999,count,persons,15
2018-11,E01005002,count,persons,15
2018-11,E01005003,count,persons,30
2018-11,E01004991,count,persons,20
2018-11,E01004992,count,persons,25
2018-11,E01004993,count,persons,50
2018-11,E01004994,count,persons,35
2018-11,E01004990,count,persons,30
2018-11,E01004996,count,persons,50
2018-11,E01005004,count,persons,65
2018-11,E01005008,count,persons,70
2018-11,E01005009,count,persons,75
2018-11,E01004945,count,persons,5
2018-11,E01005055,count,persons,5
2018-11,E01005056,count,persons,10
2018-11,E01005057,count,persons,20
2018-11,E01005058,count,persons,10
2018-11,E01004995,count,persons,5
2018-11,E01005010,count,persons,15
2018-11,E01005012,count,persons,45
2018-11,E01005013,count,persons,55
2018-11,E01004984,count,persons,10
2018-11,E01004985,count,persons,5
2018-11,E01004989,count,persons,10
2018-11,E01005007,count,persons,15
2018-11,E01005011,count,persons,5
2018-11,E01004983,count,persons,10
2018-11,E01004986,count,persons,35
2018-11,E01004987,count,persons,55
2018-11,E01004988,count,persons,20
2018-11,E01004941,count,persons,35
2018-11,E01004942,count,persons,60
2018-11,E01004943,count,persons,15
2018-11,E01004944,count,persons,10
2018-11,E01004946,count,persons,80
2018-11,E01004969,count,persons,45
2018-11,E01004970,count,persons,5
2018-11,E01004971,count,persons,10
2018-11,E01005034,count,persons,15
2018-11,E01004972,count,persons,35
2018-11,E01004973,count,persons,25
2018-11,E01004975,count,persons,35
2018-11,E01005039,count,persons,30
2018-11,E01005045,count,persons,35
2018-11,E01004974,count,persons,10
2018-11,E01005033,count,persons,15
2018-11,E01005036,count,persons,45
2018-11,E01005037,count,persons,15
2018-11,E01005031,count,persons,30
2018-11,E01005032,count,persons,50
2018-11,E01005035,count,persons,20
2018-11,E01005038,count,persons,15
2018-11,E01005040,count,persons,20
2018-11,E01005041,count,persons,15
2018-11,E01005042,count,persons,20
2018-11,E01005043,count,persons,10
2018-11,E01005044,count,persons,15
2018-11,E01005098,count,persons,45
2018-11,E01005099,count,persons,70
2018-11,E01005100,count,persons,35
2018-11,E01005102,count,persons,20
2018-11,E01005103,count,persons,45
2018-11,E01005101,count,persons,35
2018-11,E01005135,count,persons,60
2018-11,E01005136,count,persons,25
2018-11,E01005138,count,persons,80
2018-11,E01005140,count,persons,65
2018-11,E01005139,count,persons,30
2018-11,E01005141,count,persons,70
2018-11,E01005251,count,persons,55
2018-11,E01005252,count,persons,60
2018-11,E01033685,count,persons,25
2018-11,E01033687,count,persons,35
2018-11,E01005104,count,persons,45
2018-11,E01005160,count,persons,35
2018-11,E01005161,count,persons,25
2018-11,E01005162,count,persons,25
2018-11,E01005163,count,persons,35
2018-11,E01005247,count,persons,15
2018-11,E01005248,count,persons,15
2018-11,E01005249,count,persons,55
2018-11,E01005250,count,persons,55
2018-11,E01005253,count,persons,65
2018-11,E01005254,count,persons,20
2018-11,E01005164,count,persons,85
2018-11,E01005205,count,persons,100
2018-11,E01005206,count,persons,45
2018-11,E01005207,count,persons,55
2018-11,E01005223,count,persons,50
2018-11,E01005224,count,persons,60
2018-11,E01005225,count,persons,60
2018-11,E01005226,count,persons,70
2018-11,E01005229,count,persons,25
2018-11,E01005145,count,persons,65
2018-11,E01005146,count,persons,50
2018-11,E01005149,count,persons,35
2018-11,E01005165,count,persons,100
2018-11,E01005166,count,persons,55
2018-11,E01005167,count,persons,50
2018-11,E01005202,count,persons,80
2018-11,E01005203,count,persons,100
2018-11,E01005227,count,persons,75
2018-11,E01005228,count,persons,90
2018-11,E01033678,count,persons,90
2018-11,E01033679,count,persons,90
2018-11,E01005256,count,persons,105
2018-11,E01005257,count,persons,95
2018-11,E01005258,count,persons,55
2018-11,E01005259,count,persons,95
2018-11,E01005260,count,persons,30
2018-11,E01005093,count,persons,65
2018-11,E01005094,count,persons,60
2018-11,E01005097,count,persons,65
2018-11,E01005255,count,persons,100
2018-11,E01005261,count,persons,75
2018-11,E01005129,count,persons,75
2018-11,E01005132,count,persons,75
2018-11,E01005133,count,persons,55
2018-11,E01033663,count,persons,30
2018-11,E01033684,count,persons,10
2018-11,E01033688,count,persons,85
2018-11,E01005092,count,persons,45
2018-11,E01005105,count,persons,80
2018-11,E01005106,count,persons,100
2018-11,E01005107,count,persons,85
2018-11,E01033668,count,persons,30
2018-11,E01033669,count,persons,55
2018-11,E01005108,count,persons,130
2018-11,E01005189,count,persons,75
2018-11,E01005190,count,persons,80
2018-11,E01033666,count,persons,115
2018-11,E01005061,count,persons,65
2018-11,E01005062,count,persons,55
2018-11,E01005063,count,persons,75
2018-11,E01005065,count,persons,80
2018-11,E01005066,count,persons,45
2018-11,E01005208,count,persons,60
2018-11,E01005209,count,persons,130
2018-11,E01005210,count,persons,65
2018-11,E01005214,count,persons,50
2018-11,E01005067,count,persons,60
2018-11,E01005186,count,persons,70
2018-11,E01005232,count,persons,65
2018-11,E01005235,count,persons,65
2018-11,E01005239,count,persons,65
2018-11,E01005187,count,persons,80
2018-11,E01005188,count,persons,60
2018-11,E01005191,count,persons,75
2018-11,E01005192,count,persons,60
2018-11,E01005193,count,persons,35
2018-11,E01005230,count,persons,105
2018-11,E01005231,count,persons,55
2018-11,E01005236,count,persons,85
2018-11,E01005237,count,persons,75
2018-11,E01033652,count,persons,65
2018-11,E01033657,count,persons,45
2018-11,E01005195,count,persons,75
2018-11,E01005196,count,persons,85
2018-11,E01005197,count,persons,70
2018-11,E01005198,count,persons,80
2018-11,E01005201,count,persons,105
2018-11,E01005240,count,persons,135
2018-11,E01005243,count,persons,145
2018-11,E01005245,count,persons,120
2018-11,E01005246,count,persons,110
2018-11,E01005241,count,persons,80
2018-11,E01005242,count,persons,130
2018-11,E01005244,count,persons,110
2018-11,E01005285,count,persons,70
2018-11,E01005288,count,persons,105
2018-11,E01005280,count,persons,50
2018-11,E01005281,count,persons,35
2018-11,E01005284,count,persons,50
2018-11,E01005286,count,persons,45
2018-11,E01005287,count,persons,75
2018-11,E01005194,count,persons,90
2018-11,E01005199,count,persons,45
2018-11,E01005200,count,persons,65
2018-11,E01005233,count,persons,65
2018-11,E01005234,count,persons,65
2018-11,E01005238,count,persons,60
2018-11,E01005297,count,persons,115
2018-11,E01005298,count,persons,35
2018-11,E01005302,count,persons,100
2018-11,E01033680,count,persons,50
2018-11,E01033686,count,persons,55
2018-11,E01005150,count,persons,60
2018-11,E01005151,count,persons,45
2018-11,E01005152,count,persons,10
2018-11,E01005159,count,persons,25
2018-11,E01005296,count,persons,25
2018-11,E01005299,count,persons,30
2018-11,E01005178,count,persons,55
2018-11,E01005179,count,persons,55
2018-11,E01005180,count,persons,55
2018-11,E01005181,count,persons,45
2018-11,E01005182,count,persons,45
2018-11,E01005183,count,persons,45
2018-11,E01005219,count,persons,80
2018-11,E01005220,count,persons,60
2018-11,E01005221,count,persons,55
2018-11,E01005222,count,persons,70
2018-11,E01005184,count,persons,60
2018-11,E01005185,count,persons,15
2018-11,E01005271,count,persons,80
2018-11,E01005282,count,persons,30
2018-11,E01005283,count,persons,10
2018-11,E01005154,count,persons,15
2018-11,E01005156,count,persons,5
2018-11,E01005158,count,persons,30
2018-11,E01005300,count,persons,25
2018-11,E01005301,count,persons,15
2018-11,E01005118,count,persons,5
2018-11,E01005120,count,persons,30
2018-11,E01005215,count,persons,75
2018-11,E01005216,count,persons,20
2018-11,E01005217,count,persons,40
2018-11,E01005218,count,persons,30
2018-11,E01005270,count,persons,70
2018-11,E01005272,count,persons,65
2018-11,E01005273,count,persons,30
2018-11,E01005278,count,persons,40
2018-11,E01005279,count,persons,60
2018-11,E01005305,count,persons,30
2018-11,E01005309,count,persons,35
2018-11,E01005310,count,persons,30
2018-11,E01005311,count,persons,40
2018-11,E01005312,count,persons,30
2018-11,E01005082,count,persons,40
2018-11,E01005153,count,persons,20
2018-11,E01005155,count,persons,10
2018-11,E01005157,count,persons,15
2018-11,E01005274,count,persons,45
2018-11,E01005275,count,persons,25
2018-11,E01005276,count,persons,20
2018-11,E01005277,count,persons,35
2018-11,E01005076,count,persons,10
2018-11,E01005081,count,persons,75
2018-11,E01005083,count,persons,15
2018-11,E01033670,count,persons,5
2018-11,E01033671,count,persons,5
2018-11,E01005125,count,persons,40
2018-11,E01005304,count,persons,25
2018-11,E01005306,count,persons,20
2018-11,E01005307,count,persons,15
2018-11,E01005308,count,persons,40
2018-11,E01005119,count,persons,40
2018-11,E01005121,count,persons,50
2018-11,E01005122,count,persons,45
2018-11,E01005123,count,persons,60
2018-11,E01005124,count,persons,60
2018-11,E01005077,count,persons,65
2018-11,E01005078,count,persons,15
2018-11,E01005079,count,persons,30
2018-11,E01005084,count,persons,45
2018-11,E01005172,count,persons,20
2018-11,E01005173,count,persons,5
2018-11,E01005174,count,persons,5
2018-11,E01005175,count,persons,20
2018-11,E01005176,count,persons,20
2018-11,E01005177,count,persons,10
2018-11,E01005115,count,persons,30
2018-11,E01005262,count,persons,40
2018-11,E01005264,count,persons,35
2018-11,E01005265,count,persons,45
2018-11,E01005266,count,persons,45
2018-11,E01005126,count,persons,25
2018-11,E01005168,count,persons,10
2018-11,E01005169,count,persons,10
2018-11,E01005170,count,persons,15
2018-11,E01005171,count,persons,35
2018-11,E01005263,count,persons,35
2018-11,E01005267,count,persons,20
2018-11,E01005268,count,persons,30
2018-11,E01005269,count,persons,15
2018-11,E01005069,count,persons,10
2018-11,E01005111,count,persons,25
2018-11,E01005113,count,persons,50
2018-11,E01005114,count,persons,20
2018-11,E01005116,count,persons,35
2018-11,E01005071,count,persons,30
2018-11,E01005072,count,persons,55
2018-11,E01005073,count,persons,15
2018-11,E01005112,count,persons,35
2018-11,E01005117,count,persons,85
2018-11,E01005085,count,persons,40
2018-11,E01005086,count,persons,65
2018-11,E01005089,count,persons,55
2018-11,E01005289,count,persons,55
2018-11,E01005295,count,persons,35
2018-11,E01005087,count,persons,75
2018-11,E01005088,count,persons,60
2018-11,E01005090,count,persons,65
2018-11,E01005091,count,persons,65
2018-11,E01005291,count,persons,60
2018-11,E01005068,count,persons,35
2018-11,E01005070,count,persons,50
2018-11,E01005074,count,persons,55
2018-11,E01005075,count,persons,30
2018-11,E01005319,count,persons,60
2018-11,E01005290,count,persons,55
2018-11,E01005292,count,persons,45
2018-11,E01005293,count,persons,10
2018-11,E01005294,count,persons,25
2018-11,E01005317,count,persons,35
2018-11,E01005313,count,persons,40
2018-11,E01005314,count,persons,40
2018-11,E01005315,count,persons,55
2018-11,E01005316,count,persons,35
2018-11,E01005318,count,persons,45
2018-11,E01005130,count,persons,65
2018-11,E01033651,count,persons,15
2018-11,E01033658,count,persons,10
2018-11,E01033664,count,persons,10
2018-11,E01033667,count,persons,20
2018-11,E01005128,count,persons,0
2018-11,E01033653,count,persons,20
2018-11,E01033654,count,persons,0
2018-11,E01033659,count,persons,10
2018-11,E01033661,count,persons,5
2018-11,E01005143,count,persons,85
2018-11,E01033655,count,persons,10
2018-11,E01033665,count,persons,20
2018-11,E01033676,count,persons,65
2018-11,E01005212,count,persons,65
2018-11,E01033656,count,persons,5
2018-11,E01033662,count,persons,15
2018-11,E01005142,count,persons,85
2018-11,E01005147,count,persons,75
2018-11,E01033674,count,persons,40
2018-11,E01033675,count,persons,40
2018-11,E01005213,count,persons,105
2018-11,E01033660,count,persons,5
2018-11,E01033672,count,persons,65
2018-11,E01033673,count,persons,0
2018-11,E01033677,count,persons,5
2018-11,E01033681,count,persons,0
2018-11,E01033682,count,persons,5
2018-11,E01033683,count,persons,5
2018-11,E01005357,count,persons,10
2018-11,E01005358,count,persons,35
2018-11,E01005359,count,persons,10
2018-11,E01005360,count,persons,20
2018-11,E01005441,count,persons,45
2018-11,E01005442,count,persons,10
2018-11,E01005444,count,persons,35
2018-11,E01005445,count,persons,45
2018-11,E01005361,count,persons,5
2018-11,E01005443,count,persons,5
2018-11,E01005446,count,persons,30
2018-11,E01005447,count,persons,50
2018-11,E01005390,count,persons,15
2018-11,E01005394,count,persons,15
2018-11,E01005395,count,persons,15
2018-11,E01005396,count,persons,25
2018-11,E01005355,count,persons,40
2018-11,E01005356,count,persons,15
2018-11,E01005399,count,persons,20
2018-11,E01005403,count,persons,20
2018-11,E01005410,count,persons,15
2018-11,E01005411,count,persons,15
2018-11,E01005414,count,persons,5
2018-11,E01005415,count,persons,15
2018-11,E01005452,count,persons,10
2018-11,E01005453,count,persons,15
2018-11,E01032558,count,persons,80
2018-11,E01032559,count,persons,50
2018-11,E01005391,count,persons,20
2018-11,E01005392,count,persons,50
2018-11,E01005393,count,persons,10
2018-11,E01005401,count,persons,15
2018-11,E01005397,count,persons,25
2018-11,E01005398,count,persons,30
2018-11,E01005400,count,persons,60
2018-11,E01005402,count,persons,15
2018-11,E01005335,count,persons,5
2018-11,E01005337,count,persons,60
2018-11,E01005339,count,persons,10
2018-11,E01005340,count,persons,55
2018-11,E01005421,count,persons,65
2018-11,E01005422,count,persons,70
2018-11,E01032920,count,persons,95
2018-11,E01005448,count,persons,115
2018-11,E01005449,count,persons,35
2018-11,E01005454,count,persons,20
2018-11,E01005455,count,persons,25
2018-11,E01005456,count,persons,100
2018-11,E01005407,count,persons,15
2018-11,E01005412,count,persons,10
2018-11,E01005416,count,persons,15
2018-11,E01005417,count,persons,10
2018-11,E01005348,count,persons,80
2018-11,E01005350,count,persons,180
2018-11,E01005432,count,persons,85
2018-11,E01005433,count,persons,150
2018-11,E01005329,count,persons,20
2018-11,E01005330,count,persons,10
2018-11,E01005333,count,persons,10
2018-11,E01005336,count,persons,5
2018-11,E01005349,count,persons,115
2018-11,E01005351,count,persons,55
2018-11,E01005352,count,persons,70
2018-11,E01005353,count,persons,130
2018-11,E01005354,count,persons,60
2018-11,E01005327,count,persons,20
2018-11,E01005328,count,persons,80
2018-11,E01005331,count,persons,35
2018-11,E01005334,count,persons,15
2018-11,E01005338,count,persons,60
2018-11,E01005387,count,persons,25
2018-11,E01005388,count,persons,20
2018-11,E01005389,count,persons,75
2018-11,E01005418,count,persons,10
2018-11,E01005428,count,persons,80
2018-11,E01005431,count,persons,55
2018-11,E01005450,count,persons,60
2018-11,E01005451,count,persons,25
2018-11,E01005408,count,persons,15
2018-11,E01005409,count,persons,10
2018-11,E01032922,count,persons,25
2018-11,E01005406,count,persons,10
2018-11,E01005413,count,persons,5
2018-11,E01005419,count,persons,25
2018-11,E01005420,count,persons,25
2018-11,E01005321,count,persons,80
2018-11,E01005326,count,persons,80
2018-11,E01005427,count,persons,80
2018-11,E01005429,count,persons,60
2018-11,E01005430,count,persons,90
2018-11,E01005320,count,persons,90
2018-11,E01005434,count,persons,185
2018-11,E01005437,count,persons,50
2018-11,E01005459,count,persons,85
2018-11,E01005383,count,persons,60
2018-11,E01005386,count,persons,95
2018-11,E01032556,count,persons,20
2018-11,E01032557,count,persons,80
2018-11,E01005342,count,persons,60
2018-11,E01005343,count,persons,40
2018-11,E01005344,count,persons,75
2018-11,E01005381,count,persons,55
2018-11,E01005332,count,persons,65
2018-11,E01005341,count,persons,30
2018-11,E01005345,count,persons,20
2018-11,E01005346,count,persons,15
2018-11,E01005347,count,persons,20
2018-11,E01005322,count,persons,75
2018-11,E01005323,count,persons,45
2018-11,E01005324,count,persons,65
2018-11,E01005325,count,persons,70
2018-11,E01005438,count,persons,100
2018-11,E01005377,count,persons,65
2018-11,E01005379,count,persons,55
2018-11,E01005380,count,persons,65
2018-11,E01005382,count,persons,60
2018-11,E01005439,count,persons,35
2018-11,E01005362,count,persons,25
2018-11,E01005364,count,persons,25
2018-11,E01005368,count,persons,70
2018-11,E01005376,count,persons,55
2018-11,E01005378,count,persons,50
2018-11,E01005363,count,persons,50
2018-11,E01005369,count,persons,55
2018-11,E01005370,count,persons,55
2018-11,E01005371,count,persons,55
2018-11,E01005365,count,persons,15
2018-11,E01005366,count,persons,50
2018-11,E01005367,count,persons,10
2018-11,E01005440,count,persons,25
2018-11,E01005372,count,persons,30
2018-11,E01005373,count,persons,15
2018-11,E01005374,count,persons,25
2018-11,E01005375,count,persons,15
2018-11,E01005435,count,persons,50
2018-11,E01005436,count,persons,35
2018-11,E01005460,count,persons,100
2018-11,E01005461,count,persons,85
2018-11,E01005462,count,persons,40
2018-11,E01005463,count,persons,60
2018-11,E01032921,count,persons,165
2018-11,E01005518,count,persons,25
2018-11,E01005520,count,persons,20
2018-11,E01005522,count,persons,20
2018-11,E01005523,count,persons,20
2018-11,E01005519,count,persons,15
2018-11,E01005594,count,persons,20
2018-11,E01005597,count,persons,5
2018-11,E01005598,count,persons,5
2018-11,E01005516,count,persons,15
2018-11,E01005517,count,persons,10
2018-11,E01005521,count,persons,15
2018-11,E01005596,count,persons,15
2018-11,E01005578,count,persons,55
2018-11,E01005579,count,persons,45
2018-11,E01005586,count,persons,70
2018-11,E01005593,count,persons,35
2018-11,E01005595,count,persons,60
2018-11,E01005489,count,persons,15
2018-11,E01005490,count,persons,35
2018-11,E01005491,count,persons,30
2018-11,E01005493,count,persons,20
2018-11,E01005494,count,persons,25
2018-11,E01005495,count,persons,35
2018-11,E01005488,count,persons,5
2018-11,E01005492,count,persons,10
2018-11,E01005499,count,persons,15
2018-11,E01005571,count,persons,5
2018-11,E01005570,count,persons,10
2018-11,E01005572,count,persons,10
2018-11,E01005573,count,persons,10
2018-11,E01005574,count,persons,5
2018-11,E01005587,count,persons,10
2018-11,E01005588,count,persons,25
2018-11,E01005580,count,persons,55
2018-11,E01005581,count,persons,70
2018-11,E01005583,count,persons,80
2018-11,E01005585,count,persons,45
2018-11,E01033258,count,persons,85
2018-11,E01005496,count,persons,50
2018-11,E01005589,count,persons,45
2018-11,E01005590,count,persons,45
2018-11,E01005591,count,persons,5
2018-11,E01005592,count,persons,40
2018-11,E01005472,count,persons,50
2018-11,E01005473,count,persons,40
2018-11,E01005482,count,persons,220
2018-11,E01005483,count,persons,100
2018-11,E01005484,count,persons,135
2018-11,E01005486,count,persons,70
2018-11,E01005487,count,persons,55
2018-11,E01005474,count,persons,20
2018-11,E01005575,count,persons,10
2018-11,E01005576,count,persons,5
2018-11,E01005577,count,persons,10
2018-11,E01005469,count,persons,25
2018-11,E01005563,count,persons,35
2018-11,E01005565,count,persons,50
2018-11,E01005566,count,persons,45
2018-11,E01005568,count,persons,85
2018-11,E01005569,count,persons,35
2018-11,E01005556,count,persons,20
2018-11,E01005559,count,persons,35
2018-11,E01005560,count,persons,10
2018-11,E01005567,count,persons,25
2018-11,E01005555,count,persons,20
2018-11,E01005557,count,persons,5
2018-11,E01005558,count,persons,20
2018-11,E01005561,count,persons,10
2018-11,E01005562,count,persons,20
2018-11,E01005470,count,persons,45
2018-11,E01005471,count,persons,30
2018-11,E01005475,count,persons,45
2018-11,E01005485,count,persons,70
2018-11,E01005564,count,persons,85
2018-11,E01005464,count,persons,40
2018-11,E01005465,count,persons,45
2018-11,E01005466,count,persons,135
2018-11,E01005467,count,persons,80
2018-11,E01005468,count,persons,10
2018-11,E01005476,count,persons,45
2018-11,E01005477,count,persons,70
2018-11,E01005478,count,persons,35
2018-11,E01005479,count,persons,30
2018-11,E01005480,count,persons,30
2018-11,E01005481,count,persons,25
2018-11,E01005497,count,persons,55
2018-11,E01005501,count,persons,55
2018-11,E01005502,count,persons,40
2018-11,E01005504,count,persons,35
2018-11,E01005505,count,persons,45
2018-11,E01005509,count,persons,75
2018-11,E01005510,count,persons,10
2018-11,E01005511,count,persons,15
2018-11,E01005512,count,persons,40
2018-11,E01005513,count,persons,50
2018-11,E01005514,count,persons,25
2018-11,E01005515,count,persons,60
2018-11,E01005498,count,persons,40
2018-11,E01005500,count,persons,25
2018-11,E01005503,count,persons,10
2018-11,E01005506,count,persons,25
2018-11,E01005507,count,persons,30
2018-11,E01005508,count,persons,15
2018-11,E01005524,count,persons,30
2018-11,E01005525,count,persons,90
2018-11,E01005526,count,persons,45
2018-11,E01005528,count,persons,50
2018-11,E01005536,count,persons,40
2018-11,E01005543,count,persons,10
2018-11,E01005527,count,persons,55
2018-11,E01005529,count,persons,45
2018-11,E01005551,count,persons,60
2018-11,E01005552,count,persons,85
2018-11,E01005553,count,persons,55
2018-11,E01005554,count,persons,20
2018-11,E01005534,count,persons,30
2018-11,E01005535,count,persons,40
2018-11,E01005537,count,persons,10
2018-11,E01005538,count,persons,40
2018-11,E01005540,count,persons,15
2018-11,E01005541,count,persons,30
2018-11,E01005542,count,persons,30
2018-11,E01005533,count,persons,35
2018-11,E01005539,count,persons,60
2018-11,E01005546,count,persons,30
2018-11,E01005547,count,persons,40
2018-11,E01005548,count,persons,40
2018-11,E01005530,count,persons,10
2018-11,E01005531,count,persons,20
2018-11,E01005532,count,persons,65
2018-11,E01005544,count,persons,5
2018-11,E01005545,count,persons,10
2018-11,E01005549,count,persons,10
2018-11,E01005550,count,persons,5
2018-11,E01005659,count,persons,35
2018-11,E01005660,count,persons,65
2018-11,E01005663,count,persons,50
2018-11,E01005664,count,persons,45
2018-11,E01005665,count,persons,55
2018-11,E01005703,count,persons,60
2018-11,E01005704,count,persons,30
2018-11,E01005706,count,persons,35
2018-11,E01005708,count,persons,45
2018-11,E01005702,count,persons,50
2018-11,E01005705,count,persons,35
2018-11,E01005707,count,persons,75
2018-11,E01005661,count,persons,40
2018-11,E01005662,count,persons,65
2018-11,E01005709,count,persons,60
2018-11,E01005710,count,persons,20
2018-11,E01005670,count,persons,30
2018-11,E01005672,count,persons,10
2018-11,E01005676,count,persons,5
2018-11,E01005677,count,persons,10
2018-11,E01005686,count,persons,25
2018-11,E01005688,count,persons,30
2018-11,E01005691,count,persons,10
2018-11,E01005692,count,persons,50
2018-11,E01005711,count,persons,25
2018-11,E01005712,count,persons,25
2018-11,E01005713,count,persons,5
2018-11,E01005714,count,persons,20
2018-11,E01005715,count,persons,15
2018-11,E01005718,count,persons,30
2018-11,E01005673,count,persons,15
2018-11,E01005675,count,persons,35
2018-11,E01005678,count,persons,45
2018-11,E01005679,count,persons,45
2018-11,E01005687,count,persons,25
2018-11,E01005689,count,persons,30
2018-11,E01005690,count,persons,15
2018-11,E01005693,count,persons,20
2018-11,E01005646,count,persons,15
2018-11,E01005649,count,persons,20
2018-11,E01005650,count,persons,30
2018-11,E01005651,count,persons,25
2018-11,E01005647,count,persons,15
2018-11,E01005648,count,persons,25
2018-11,E01005652,count,persons,20
2018-11,E01005653,count,persons,50
2018-11,E01005671,count,persons,40
2018-11,E01005674,count,persons,25
2018-11,E01005694,count,persons,15
2018-11,E01005696,count,persons,20
2018-11,E01005698,count,persons,45
2018-11,E01005700,count,persons,20
2018-11,E01005716,count,persons,10
2018-11,E01005717,count,persons,10
2018-11,E01005734,count,persons,15
2018-11,E01005735,count,persons,5
2018-11,E01005736,count,persons,5
2018-11,E01005737,count,persons,10
2018-11,E01005739,count,persons,5
2018-11,E01005695,count,persons,5
2018-11,E01005697,count,persons,5
2018-11,E01005738,count,persons,5
2018-11,E01005740,count,persons,5
2018-11,E01005741,count,persons,5
2018-11,E01005742,count,persons,5
2018-11,E01005625,count,persons,15
2018-11,E01005627,count,persons,5
2018-11,E01005699,count,persons,10
2018-11,E01005701,count,persons,10
2018-11,E01005609,count,persons,45
2018-11,E01005611,count,persons,60
2018-11,E01005612,count,persons,80
2018-11,E01005613,count,persons,175
2018-11,E01005614,count,persons,30
2018-11,E01005615,count,persons,105
2018-11,E01005624,count,persons,40
2018-11,E01005680,count,persons,75
2018-11,E01005683,count,persons,55
2018-11,E01032919,count,persons,65
2018-11,E01005622,count,persons,15
2018-11,E01005623,count,persons,10
2018-11,E01005626,count,persons,10
2018-11,E01005628,count,persons,15
2018-11,E01005725,count,persons,25
2018-11,E01005726,count,persons,20
2018-11,E01005727,count,persons,30
2018-11,E01005728,count,persons,15
2018-11,E01005733,count,persons,25
2018-11,E01005631,count,persons,70
2018-11,E01005632,count,persons,30
2018-11,E01005633,count,persons,20
2018-11,E01005634,count,persons,5
2018-11,E01005635,count,persons,10
2018-11,E01005636,count,persons,15
2018-11,E01005637,count,persons,15
2018-11,E01005629,count,persons,15
2018-11,E01005630,count,persons,20
2018-11,E01005719,count,persons,40
2018-11,E01005720,count,persons,45
2018-11,E01005722,count,persons,40
2018-11,E01005723,count,persons,45
2018-11,E01005724,count,persons,30
2018-11,E01005610,count,persons,50
2018-11,E01032684,count,persons,35
2018-11,E01032687,count,persons,20
2018-11,E01032906,count,persons,35
2018-11,E01032907,count,persons,45
2018-11,E01032909,count,persons,5
2018-11,E01032911,count,persons,15
2018-11,E01033330,count,persons,65
2018-11,E01005654,count,persons,45
2018-11,E01005656,count,persons,30
2018-11,E01005657,count,persons,40
2018-11,E01005721,count,persons,25
2018-11,E01005655,count,persons,35
2018-11,E01005658,count,persons,55
2018-11,E01005681,count,persons,40
2018-11,E01005682,count,persons,125
2018-11,E01005729,count,persons,90
2018-11,E01005730,count,persons,10
2018-11,E01005731,count,persons,40
2018-11,E01005732,count,persons,25
2018-11,E01005599,count,persons,55
2018-11,E01005600,count,persons,20
2018-11,E01005601,count,persons,35
2018-11,E01005602,count,persons,75
2018-11,E01005603,count,persons,30
2018-11,E01005604,count,persons,20
2018-11,E01005605,count,persons,20
2018-11,E01005638,count,persons,45
2018-11,E01005667,count,persons,70
2018-11,E01032685,count,persons,10
2018-11,E01032686,count,persons,15
2018-11,E01032912,count,persons,40
2018-11,E01032914,count,persons,30
2018-11,E01032915,count,persons,35
2018-11,E01032917,count,persons,20
2018-11,E01005639,count,persons,50
2018-11,E01005640,count,persons,25
2018-11,E01005641,count,persons,15
2018-11,E01005642,count,persons,10
2018-11,E01005643,count,persons,5
2018-11,E01005644,count,persons,10
2018-11,E01005645,count,persons,5
2018-11,E01005616,count,persons,25
2018-11,E01005617,count,persons,10
2018-11,E01005618,count,persons,20
2018-11,E01005619,count,persons,15
2018-11,E01005620,count,persons,30
2018-11,E01005621,count,persons,30
2018-11,E01005886,count,persons,20
2018-11,E01005888,count,persons,15
2018-11,E01005889,count,persons,25
2018-11,E01005891,count,persons,5
2018-11,E01005894,count,persons,15
2018-11,E01005887,count,persons,30
2018-11,E01005890,count,persons,25
2018-11,E01005893,count,persons,35
2018-11,E01005896,count,persons,20
2018-11,E01005919,count,persons,50
2018-11,E01005862,count,persons,5
2018-11,E01005892,count,persons,10
2018-11,E01005895,count,persons,15
2018-11,E01005920,count,persons,20
2018-11,E01005921,count,persons,30
2018-11,E01005922,count,persons,10
2018-11,E01005753,count,persons,45
2018-11,E01005754,count,persons,95
2018-11,E01005755,count,persons,65
2018-11,E01005756,count,persons,115
2018-11,E01005745,count,persons,5
2018-11,E01005746,count,persons,30
2018-11,E01005747,count,persons,5
2018-11,E01005748,count,persons,5
2018-11,E01005863,count,persons,10
2018-11,E01005864,count,persons,10
2018-11,E01005866,count,persons,30
2018-11,E01005869,count,persons,15
2018-11,E01005914,count,persons,25
2018-11,E01005915,count,persons,20
2018-11,E01005916,count,persons,30
2018-11,E01005917,count,persons,50
2018-11,E01005859,count,persons,20
2018-11,E01005865,count,persons,10
2018-11,E01005867,count,persons,5
2018-11,E01005868,count,persons,10
2018-11,E01005743,count,persons,10
2018-11,E01005744,count,persons,20
2018-11,E01005749,count,persons,15
2018-11,E01005750,count,persons,20
2018-11,E01005751,count,persons,10
2018-11,E01005897,count,persons,15
2018-11,E01005898,count,persons,15
2018-11,E01005900,count,persons,25
2018-11,E01005903,count,persons,0
2018-11,E01005904,count,persons,10
2018-11,E01005853,count,persons,35
2018-11,E01005856,count,persons,20
2018-11,E01005860,count,persons,5
2018-11,E01005861,count,persons,15
2018-11,E01005752,count,persons,15
2018-11,E01005899,count,persons,15
2018-11,E01005901,count,persons,5
2018-11,E01005902,count,persons,35
2018-11,E01005905,count,persons,30
2018-11,E01005852,count,persons,20
2018-11,E01005854,count,persons,10
2018-11,E01005855,count,persons,5
2018-11,E01005857,count,persons,15
2018-11,E01005858,count,persons,5
2018-11,E01005757,count,persons,35
2018-11,E01005758,count,persons,105
2018-11,E01005766,count,persons,50
2018-11,E01005918,count,persons,110
2018-11,E01005870,count,persons,20
2018-11,E01005871,count,persons,15
2018-11,E01005873,count,persons,15
2018-11,E01005875,count,persons,5
2018-11,E01005764,count,persons,30
2018-11,E01005816,count,persons,20
2018-11,E01005817,count,persons,30
2018-11,E01005822,count,persons,70
2018-11,E01005880,count,persons,10
2018-11,E01005881,count,persons,5
2018-11,E01005883,count,persons,0
2018-11,E01005908,count,persons,0
2018-11,E01005765,count,persons,5
2018-11,E01005818,count,persons,20
2018-11,E01005819,count,persons,15
2018-11,E01005820,count,persons,15
2018-11,E01005821,count,persons,20
2018-11,E01005823,count,persons,35
2018-11,E01005825,count,persons,20
2018-11,E01005872,count,persons,35
2018-11,E01005874,count,persons,60
2018-11,E01005876,count,persons,15
2018-11,E01005877,count,persons,20
2018-11,E01005878,count,persons,15
2018-11,E01005879,count,persons,10
2018-11,E01005882,count,persons,0
2018-11,E01005884,count,persons,5
2018-11,E01005885,count,persons,5
2018-11,E01005832,count,persons,15
2018-11,E01005833,count,persons,15
2018-11,E01005835,count,persons,5
2018-11,E01005837,count,persons,5
2018-11,E01005843,count,persons,5
2018-11,E01005769,count,persons,5
2018-11,E01005778,count,persons,10
2018-11,E01005779,count,persons,10
2018-11,E01005780,count,persons,15
2018-11,E01005781,count,persons,35
2018-11,E01005759,count,persons,20
2018-11,E01005760,count,persons,35
2018-11,E01005797,count,persons,30
2018-11,E01005800,count,persons,10
2018-11,E01005804,count,persons,15
2018-11,E01005824,count,persons,10
2018-11,E01005826,count,persons,35
2018-11,E01005827,count,persons,10
2018-11,E01005828,count,persons,40
2018-11,E01005829,count,persons,35
2018-11,E01005768,count,persons,10
2018-11,E01005770,count,persons,5
2018-11,E01005771,count,persons,5
2018-11,E01005775,count,persons,5
2018-11,E01005761,count,persons,25
2018-11,E01005762,count,persons,45
2018-11,E01005763,count,persons,25
2018-11,E01005799,count,persons,55
2018-11,E01005798,count,persons,25
2018-11,E01005801,count,persons,20
2018-11,E01005802,count,persons,5
2018-11,E01005803,count,persons,5
2018-11,E01005830,count,persons,10
2018-11,E01005831,count,persons,15
2018-11,E01005767,count,persons,20
2018-11,E01005772,count,persons,5
2018-11,E01005773,count,persons,10
2018-11,E01005774,count,persons,30
2018-11,E01005776,count,persons,10
2018-11,E01005909,count,persons,5
2018-11,E01005910,count,persons,20
2018-11,E01005911,count,persons,0
2018-11,E01005912,count,persons,10
2018-11,E01005782,count,persons,5
2018-11,E01005783,count,persons,15
2018-11,E01005784,count,persons,5
2018-11,E01005785,count,persons,10
2018-11,E01005786,count,persons,10
2018-11,E01005834,count,persons,15
2018-11,E01005836,count,persons,15
2018-11,E01005838,count,persons,15
2018-11,E01005840,count,persons,25
2018-11,E01005927,count,persons,5
2018-11,E01005928,count,persons,35
2018-11,E01005929,count,persons,0
2018-11,E01005930,count,persons,5
2018-11,E01005806,count,persons,5
2018-11,E01005813,count,persons,5
2018-11,E01005814,count,persons,5
2018-11,E01005815,count,persons,5
2018-11,E01005777,count,persons,25
2018-11,E01005787,count,persons,0
2018-11,E01005788,count,persons,5
2018-11,E01005790,count,persons,10
2018-11,E01005805,count,persons,5
2018-11,E01005807,count,persons,5
2018-11,E01005839,count,persons,0
2018-11,E01005841,count,persons,10
2018-11,E01005844,count,persons,5
2018-11,E01005845,count,persons,5
2018-11,E01005849,count,persons,5
2018-11,E01005851,count,persons,10
2018-11,E01005808,count,persons,10
2018-11,E01005809,count,persons,10
2018-11,E01005810,count,persons,10
2018-11,E01005811,count,persons,0
2018-11,E01005812,count,persons,5
2018-11,E01005842,count,persons,5
2018-11,E01005906,count,persons,5
2018-11,E01005907,count,persons,10
2018-11,E01005913,count,persons,5
2018-11,E01005789,count,persons,5
2018-11,E01005791,count,persons,10
2018-11,E01005793,count,persons,5
2018-11,E01005795,count,persons,5
2018-11,E01005796,count,persons,5
2018-11,E01005846,count,persons,10
2018-11,E01005847,count,persons,10
2018-11,E01005848,count,persons,10
2018-11,E01005850,count,persons,20
2018-11,E01005792,count,persons,5
2018-11,E01005794,count,persons,0
2018-11,E01005923,count,persons,0
2018-11,E01005931,count,persons,10
2018-11,E01005924,count,persons,5
2018-11,E01005925,count,persons,5
2018-11,E01005926,count,persons,0
2018-11,E01005932,count,persons,5
2018-11,E01006053,count,persons,20
2018-11,E01006054,count,persons,50
2018-11,E01006055,count,persons,15
2018-11,E01006057,count,persons,25
2018-11,E01006058,count,persons,45
2018-11,E01006059,count,persons,20
2018-11,E01005938,count,persons,40
2018-11,E01005939,count,persons,10
2018-11,E01005940,count,persons,15
2018-11,E01005955,count,persons,10
2018-11,E01006056,count,persons,55
2018-11,E01006061,count,persons,70
2018-11,E01006062,count,persons,10
2018-11,E01006063,count,persons,15
2018-11,E01005936,count,persons,15
2018-11,E01005937,count,persons,55
2018-11,E01005945,count,persons,80
2018-11,E01005946,count,persons,45
2018-11,E01005947,count,persons,75
2018-11,E01005954,count,persons,40
2018-11,E01005956,count,persons,15
2018-11,E01005957,count,persons,25
2018-11,E01005958,count,persons,30
2018-11,E01005959,count,persons,45
2018-11,E01005933,count,persons,45
2018-11,E01005934,count,persons,40
2018-11,E01005935,count,persons,70
2018-11,E01005949,count,persons,40
2018-11,E01005960,count,persons,50
2018-11,E01005941,count,persons,80
2018-11,E01005942,count,persons,15
2018-11,E01005943,count,persons,35
2018-11,E01005944,count,persons,20
2018-11,E01006060,count,persons,75
2018-11,E01006064,count,persons,50
2018-11,E01006065,count,persons,75
2018-11,E01006066,count,persons,50
2018-11,E01006067,count,persons,20
2018-11,E01006068,count,persons,65
2018-11,E01006069,count,persons,50
2018-11,E01006073,count,persons,75
2018-11,E01005993,count,persons,15
2018-11,E01005995,count,persons,5
2018-11,E01005996,count,persons,30
2018-11,E01005997,count,persons,15
2018-11,E01006000,count,persons,45
2018-11,E01005994,count,persons,30
2018-11,E01005999,count,persons,60
2018-11,E01006002,count,persons,20
2018-11,E01006004,count,persons,20
2018-11,E01006005,count,persons,45
2018-11,E01006007,count,persons,30
2018-11,E01005998,count,persons,30
2018-11,E01006001,count,persons,25
2018-11,E01006003,count,persons,20
2018-11,E01006006,count,persons,20
2018-11,E01005948,count,persons,130
2018-11,E01005950,count,persons,50
2018-11,E01005951,count,persons,40
2018-11,E01005952,count,persons,165
2018-11,E01005953,count,persons,65
2018-11,E01005961,count,persons,20
2018-11,E01005962,count,persons,15
2018-11,E01005968,count,persons,15
2018-11,E01005969,count,persons,15
2018-11,E01006022,count,persons,25
2018-11,E01006023,count,persons,75
2018-11,E01006070,count,persons,15
2018-11,E01006071,count,persons,10
2018-11,E01006072,count,persons,5
2018-11,E01006009,count,persons,25
2018-11,E01006017,count,persons,5
2018-11,E01006018,count,persons,10
2018-11,E01006021,count,persons,15
2018-11,E01006008,count,persons,35
2018-11,E01006010,count,persons,40
2018-11,E01006012,count,persons,35
2018-11,E01006015,count,persons,15
2018-11,E01006016,count,persons,105
2018-11,E01006011,count,persons,30
2018-11,E01006013,count,persons,25
2018-11,E01006014,count,persons,35
2018-11,E01006019,count,persons,50
2018-11,E01006020,count,persons,30
2018-11,E01005963,count,persons,10
2018-11,E01005964,count,persons,15
2018-11,E01005965,count,persons,45
2018-11,E01005966,count,persons,25
2018-11,E01005967,count,persons,60
2018-11,E01006031,count,persons,70
2018-11,E01006032,count,persons,40
2018-11,E01006033,count,persons,55
2018-11,E01006034,count,persons,65
2018-11,E01006035,count,persons,40
2018-11,E01006036,count,persons,80
2018-11,E01005970,count,persons,5
2018-11,E01005972,count,persons,45
2018-11,E01005974,count,persons,50
2018-11,E01005975,count,persons,40
2018-11,E01006024,count,persons,5
2018-11,E01006026,count,persons,25
2018-11,E01006037,count,persons,5
2018-11,E01006038,count,persons,15
2018-11,E01006047,count,persons,25
2018-11,E01006048,count,persons,15
2018-11,E01006049,count,persons,30
2018-11,E01006051,count,persons,30
2018-11,E01005985,count,persons,10
2018-11,E01005987,count,persons,10
2018-11,E01005988,count,persons,5
2018-11,E01005990,count,persons,10
2018-11,E01005991,count,persons,20
2018-11,E01005971,count,persons,20
2018-11,E01005986,count,persons,15
2018-11,E01005989,count,persons,10
2018-11,E01005992,count,persons,30
2018-11,E01005973,count,persons,10
2018-11,E01005976,count,persons,50
2018-11,E01005977,count,persons,15
2018-11,E01005978,count,persons,20
2018-11,E01006025,count,persons,65
2018-11,E01006027,count,persons,80
2018-11,E01006050,count,persons,75
2018-11,E01006052,count,persons,55
2018-11,E01006028,count,persons,75
2018-11,E01006029,count,persons,50
2018-11,E01006030,count,persons,55
2018-11,E01006039,count,persons,50
2018-11,E01006040,count,persons,55
2018-11,E01006041,count,persons,35
2018-11,E01005979,count,persons,35
2018-11,E01005980,count,persons,35
2018-11,E01005981,count,persons,40
2018-11,E01005982,count,persons,30
2018-11,E01005983,count,persons,10
2018-11,E01005984,count,persons,65
2018-11,E01006042,count,persons,15
2018-11,E01006043,count,persons,25
2018-11,E01006044,count,persons,15
2018-11,E01006045,count,persons,10
2018-11,E01006046,count,persons,5
2018-11,E01006109,count,persons,65
2018-11,E01006110,count,persons,45
2018-11,E01006111,count,persons,60
2018-11,E01006112,count,persons,70
2018-11,E01006185,count,persons,130
2018-11,E01006188,count,persons,70
2018-11,E01006116,count,persons,15
2018-11,E01006117,count,persons,15
2018-11,E01006118,count,persons,20
2018-11,E01006119,count,persons,10
2018-11,E01006121,count,persons,20
2018-11,E01006141,count,persons,35
2018-11,E01006186,count,persons,35
2018-11,E01006187,count,persons,75
2018-11,E01006189,count,persons,50
2018-11,E01006113,count,persons,15
2018-11,E01006114,count,persons,45
2018-11,E01006115,count,persons,40
2018-11,E01006145,count,persons,60
2018-11,E01006146,count,persons,20
2018-11,E01006122,count,persons,15
2018-11,E01006123,count,persons,15
2018-11,E01006124,count,persons,5
2018-11,E01006128,count,persons,15
2018-11,E01006131,count,persons,10
2018-11,E01006155,count,persons,25
2018-11,E01006157,count,persons,25
2018-11,E01006159,count,persons,55
2018-11,E01006182,count,persons,25
2018-11,E01006183,count,persons,10
2018-11,E01006125,count,persons,10
2018-11,E01006126,count,persons,45
2018-11,E01006127,count,persons,15
2018-11,E01006130,count,persons,15
2018-11,E01006132,count,persons,10
2018-11,E01006156,count,persons,50
2018-11,E01006158,count,persons,45
2018-11,E01006179,count,persons,55
2018-11,E01006184,count,persons,45
2018-11,E01006198,count,persons,20
2018-11,E01006199,count,persons,25
2018-11,E01006200,count,persons,20
2018-11,E01006201,count,persons,10
2018-11,E01006202,count,persons,25
2018-11,E01006120,count,persons,5
2018-11,E01006129,count,persons,15
2018-11,E01006133,count,persons,10
2018-11,E01006197,count,persons,15
2018-11,E01006203,count,persons,15
2018-11,E01006142,count,persons,40
2018-11,E01006143,count,persons,20
2018-11,E01006144,count,persons,75
2018-11,E01006180,count,persons,45
2018-11,E01006181,count,persons,20
2018-11,E01006147,count,persons,10
2018-11,E01006149,count,persons,15
2018-11,E01006150,count,persons,25
2018-11,E01006154,count,persons,15
2018-11,E01006165,count,persons,20
2018-11,E01006166,count,persons,25
2018-11,E01006169,count,persons,20
2018-11,E01006170,count,persons,15
2018-11,E01006171,count,persons,45
2018-11,E01006098,count,persons,0
2018-11,E01006099,count,persons,10
2018-11,E01006164,count,persons,15
2018-11,E01006174,count,persons,20
2018-11,E01006178,count,persons,15
2018-11,E01006097,count,persons,10
2018-11,E01006160,count,persons,30
2018-11,E01006161,count,persons,20
2018-11,E01006162,count,persons,10
2018-11,E01006163,count,persons,15
2018-11,E01006148,count,persons,15
2018-11,E01006151,count,persons,10
2018-11,E01006152,count,persons,10
2018-11,E01006153,count,persons,10
2018-11,E01006172,count,persons,10
2018-11,E01006104,count,persons,30
2018-11,E01006105,count,persons,95
2018-11,E01006106,count,persons,35
2018-11,E01006107,count,persons,30
2018-11,E01006108,count,persons,85
2018-11,E01006102,count,persons,20
2018-11,E01006173,count,persons,5
2018-11,E01006175,count,persons,40
2018-11,E01006176,count,persons,15
2018-11,E01006177,count,persons,50
2018-11,E01006091,count,persons,35
2018-11,E01006092,count,persons,35
2018-11,E01006095,count,persons,10
2018-11,E01006167,count,persons,65
2018-11,E01006168,count,persons,90
2018-11,E01006090,count,persons,20
2018-11,E01006094,count,persons,5
2018-11,E01006096,count,persons,10
2018-11,E01006100,count,persons,10
2018-11,E01006103,count,persons,5
2018-11,E01006101,count,persons,5
2018-11,E01006190,count,persons,5
2018-11,E01006195,count,persons,10
2018-11,E01006196,count,persons,5
2018-11,E01006210,count,persons,20
2018-11,E01006204,count,persons,5
2018-11,E01006206,count,persons,20
2018-11,E01006207,count,persons,45
2018-11,E01006208,count,persons,20
2018-11,E01006211,count,persons,35
2018-11,E01006093,count,persons,5
2018-11,E01006191,count,persons,5
2018-11,E01006192,count,persons,10
2018-11,E01006205,count,persons,5
2018-11,E01006209,count,persons,10
2018-11,E01006078,count,persons,35
2018-11,E01006080,count,persons,10
2018-11,E01006089,count,persons,20
2018-11,E01006193,count,persons,15
2018-11,E01006194,count,persons,30
2018-11,E01006074,count,persons,20
2018-11,E01006075,count,persons,15
2018-11,E01006076,count,persons,20
2018-11,E01006079,count,persons,15
2018-11,E01006087,count,persons,10
2018-11,E01006083,count,persons,5
2018-11,E01006084,count,persons,5
2018-11,E01006088,count,persons,10
2018-11,E01006139,count,persons,15
2018-11,E01006140,count,persons,5
2018-11,E01006077,count,persons,25
2018-11,E01006081,count,persons,0
2018-11,E01006082,count,persons,5
2018-11,E01006085,count,persons,5
2018-11,E01006086,count,persons,20
2018-11,E01006134,count,persons,5
2018-11,E01006135,count,persons,15
2018-11,E01006136,count,persons,10
2018-11,E01006137,count,persons,0
2018-11,E01006138,count,persons,20
2018-11,E01006315,count,persons,5
2018-11,E01006316,count,persons,10
2018-11,E01006317,count,persons,15
2018-11,E01006319,count,persons,15
2018-11,E01006229,count,persons,15
2018-11,E01006230,count,persons,20
2018-11,E01006233,count,persons,5
2018-11,E01006237,count,persons,10
2018-11,E01006238,count,persons,40
2018-11,E01006259,count,persons,15
2018-11,E01006312,count,persons,0
2018-11,E01006313,count,persons,40
2018-11,E01006314,count,persons,10
2018-11,E01006318,count,persons,5
2018-11,E01006320,count,persons,10
2018-11,E01006321,count,persons,5
2018-11,E01006231,count,persons,15
2018-11,E01006232,count,persons,15
2018-11,E01006234,count,persons,15
2018-11,E01006235,count,persons,30
2018-11,E01006253,count,persons,30
2018-11,E01006254,count,persons,45
2018-11,E01006255,count,persons,15
2018-11,E01006256,count,persons,20
2018-11,E01006260,count,persons,30
2018-11,E01006370,count,persons,75
2018-11,E01006372,count,persons,5
2018-11,E01006373,count,persons,5
2018-11,E01006374,count,persons,10
2018-11,E01006390,count,persons,25
2018-11,E01006236,count,persons,10
2018-11,E01006388,count,persons,45
2018-11,E01006389,count,persons,15
2018-11,E01006391,count,persons,25
2018-11,E01006257,count,persons,15
2018-11,E01006258,count,persons,20
2018-11,E01006369,count,persons,125
2018-11,E01006371,count,persons,25
2018-11,E01006375,count,persons,35
2018-11,E01006306,count,persons,90
2018-11,E01006307,count,persons,35
2018-11,E01006386,count,persons,115
2018-11,E01006387,count,persons,25
2018-11,E01006392,count,persons,75
2018-11,E01006350,count,persons,85
2018-11,E01006351,count,persons,115
2018-11,E01006357,count,persons,90
2018-11,E01006360,count,persons,90
2018-11,E01006361,count,persons,80
2018-11,E01006356,count,persons,60
2018-11,E01006396,count,persons,10
2018-11,E01006397,count,persons,25
2018-11,E01006398,count,persons,30
2018-11,E01006399,count,persons,35
2018-11,E01006305,count,persons,75
2018-11,E01006308,count,persons,55
2018-11,E01006309,count,persons,55
2018-11,E01006310,count,persons,60
2018-11,E01006311,count,persons,35
2018-11,E01006269,count,persons,40
2018-11,E01006271,count,persons,20
2018-11,E01006272,count,persons,25
2018-11,E01006273,count,persons,35
2018-11,E01006276,count,persons,30
2018-11,E01006353,count,persons,25
2018-11,E01006354,count,persons,40
2018-11,E01006355,count,persons,30
2018-11,E01006358,count,persons,50
2018-11,E01006359,count,persons,40
2018-11,E01006349,count,persons,30
2018-11,E01006352,count,persons,55
2018-11,E01006404,count,persons,50
2018-11,E01006405,count,persons,50
2018-11,E01006411,count,persons,115
2018-11,E01006270,count,persons,40
2018-11,E01006274,count,persons,45
2018-11,E01006275,count,persons,50
2018-11,E01006277,count,persons,10
2018-11,E01006286,count,persons,25
2018-11,E01006239,count,persons,100
2018-11,E01006240,count,persons,95
2018-11,E01006241,count,persons,70
2018-11,E01006287,count,persons,10
2018-11,E01006289,count,persons,125
2018-11,E01006362,count,persons,10
2018-11,E01006363,count,persons,10
2018-11,E01006364,count,persons,35
2018-11,E01006365,count,persons,20
2018-11,E01006366,count,persons,20
2018-11,E01006367,count,persons,5
2018-11,E01006368,count,persons,20
2018-11,E01006278,count,persons,40
2018-11,E01006279,count,persons,25
2018-11,E01006280,count,persons,20
2018-11,E01006281,count,persons,20
2018-11,E01006285,count,persons,15
2018-11,E01006406,count,persons,15
2018-11,E01006407,count,persons,15
2018-11,E01006408,count,persons,35
2018-11,E01006409,count,persons,10
2018-11,E01006410,count,persons,5
2018-11,E01006393,count,persons,10
2018-11,E01006394,count,persons,5
2018-11,E01006395,count,persons,10
2018-11,E01006400,count,persons,10
2018-11,E01006401,count,persons,15
2018-11,E01006402,count,persons,5
2018-11,E01006403,count,persons,10
2018-11,E01006290,count,persons,15
2018-11,E01006291,count,persons,35
2018-11,E01006292,count,persons,15
2018-11,E01006293,count,persons,45
2018-11,E01006242,count,persons,30
2018-11,E01006243,count,persons,10
2018-11,E01006244,count,persons,40
2018-11,E01006245,count,persons,45
2018-11,E01006213,count,persons,75
2018-11,E01006215,count,persons,60
2018-11,E01006217,count,persons,65
2018-11,E01006218,count,persons,80
2018-11,E01006219,count,persons,25
2018-11,E01006288,count,persons,85
2018-11,E01006294,count,persons,55
2018-11,E01006295,count,persons,55
2018-11,E01006377,count,persons,10
2018-11,E01006378,count,persons,10
2018-11,E01006212,count,persons,5
2018-11,E01006214,count,persons,40
2018-11,E01006216,count,persons,35
2018-11,E01006322,count,persons,50
2018-11,E01006329,count,persons,35
2018-11,E01006282,count,persons,45
2018-11,E01006283,count,persons,70
2018-11,E01006284,count,persons,40
2018-11,E01006336,count,persons,95
2018-11,E01006337,count,persons,35
2018-11,E01006376,count,persons,40
2018-11,E01006381,count,persons,20
2018-11,E01006382,count,persons,5
2018-11,E01006383,count,persons,20
2018-11,E01006384,count,persons,15
2018-11,E01006250,count,persons,10
2018-11,E01006251,count,persons,5
2018-11,E01006379,count,persons,10
2018-11,E01006380,count,persons,35
2018-11,E01006385,count,persons,15
2018-11,E01006328,count,persons,90
2018-11,E01006333,count,persons,95
2018-11,E01006334,count,persons,90
2018-11,E01006338,count,persons,55
2018-11,E01006248,count,persons,115
2018-11,E01006249,count,persons,60
2018-11,E01006330,count,persons,5
2018-11,E01006331,count,persons,5
2018-11,E01006332,count,persons,40
2018-11,E01006262,count,persons,50
2018-11,E01006263,count,persons,15
2018-11,E01006266,count,persons,15
2018-11,E01006267,count,persons,45
2018-11,E01006268,count,persons,20
2018-11,E01006323,count,persons,55
2018-11,E01006324,count,persons,55
2018-11,E01006325,count,persons,45
2018-11,E01006326,count,persons,70
2018-11,E01006327,count,persons,60
2018-11,E01006246,count,persons,45
2018-11,E01006247,count,persons,15
2018-11,E01006252,count,persons,15
2018-11,E01006297,count,persons,55
2018-11,E01006335,count,persons,60
2018-11,E01006220,count,persons,35
2018-11,E01006221,count,persons,20
2018-11,E01006222,count,persons,15
2018-11,E01006224,count,persons,5
2018-11,E01006226,count,persons,20
2018-11,E01006223,count,persons,40
2018-11,E01006225,count,persons,15
2018-11,E01006261,count,persons,15
2018-11,E01006264,count,persons,5
2018-11,E01006265,count,persons,30
2018-11,E01006296,count,persons,70
2018-11,E01006298,count,persons,60
2018-11,E01006299,count,persons,15
2018-11,E01006300,count,persons,5
2018-11,E01006301,count,persons,10
2018-11,E01006227,count,persons,15
2018-11,E01006228,count,persons,35
2018-11,E01006342,count,persons,50
2018-11,E01006344,count,persons,25
2018-11,E01006346,count,persons,35
2018-11,E01006339,count,persons,15
2018-11,E01006340,count,persons,35
2018-11,E01006343,count,persons,10
2018-11,E01006345,count,persons,5
2018-11,E01006348,count,persons,5
2018-11,E01006302,count,persons,15
2018-11,E01006303,count,persons,20
2018-11,E01006304,count,persons,25
2018-11,E01006341,count,persons,25
2018-11,E01006347,count,persons,5
