Date,Geography,District,Measure Type,Unit,Value
2011,E01004768,E08000001,Count,Households,4
2011,E01004803,E08000001,Count,Households,5
2011,E01004804,E08000001,Count,Households,2
2011,E01004807,E08000001,Count,Households,5
2011,E01004808,E08000001,Count,Households,6
2011,E01004788,E08000001,Count,Households,3
2011,E01004790,E08000001,Count,Households,10
2011,E01004805,E08000001,Count,Households,8
2011,E01004806,E08000001,Count,Households,4
2011,E01004810,E08000001,Count,Households,8
2011,E01004769,E08000001,Count,Households,0
2011,E01004770,E08000001,Count,Households,2
2011,E01004771,E08000001,Count,Households,2
2011,E01004773,E08000001,Count,Households,10
2011,E01004809,E08000001,Count,Households,17
2011,E01004777,E08000001,Count,Households,21
2011,E01004881,E08000001,Count,Households,15
2011,E01004888,E08000001,Count,Households,12
2011,E01004889,E08000001,Count,Households,22
2011,E01004890,E08000001,Count,Households,11
2011,E01004766,E08000001,Count,Households,18
2011,E01004767,E08000001,Count,Households,10
2011,E01004772,E08000001,Count,Households,44
2011,E01004774,E08000001,Count,Households,29
2011,E01004824,E08000001,Count,Households,13
2011,E01004784,E08000001,Count,Households,1
2011,E01004785,E08000001,Count,Households,12
2011,E01004786,E08000001,Count,Households,7
2011,E01004789,E08000001,Count,Households,4
2011,E01004791,E08000001,Count,Households,2
2011,E01004792,E08000001,Count,Households,1
2011,E01004779,E08000001,Count,Households,14
2011,E01004781,E08000001,Count,Households,18
2011,E01004882,E08000001,Count,Households,9
2011,E01004883,E08000001,Count,Households,8
2011,E01004884,E08000001,Count,Households,1
2011,E01004864,E08000001,Count,Households,9
2011,E01004867,E08000001,Count,Households,27
2011,E01004921,E08000001,Count,Households,17
2011,E01004924,E08000001,Count,Households,4
2011,E01004925,E08000001,Count,Households,4
2011,E01004778,E08000001,Count,Households,1
2011,E01004780,E08000001,Count,Households,10
2011,E01004782,E08000001,Count,Households,6
2011,E01004783,E08000001,Count,Households,4
2011,E01004802,E08000001,Count,Households,57
2011,E01004926,E08000001,Count,Households,47
2011,E01004927,E08000001,Count,Households,63
2011,E01004929,E08000001,Count,Households,31
2011,E01004820,E08000001,Count,Households,40
2011,E01004825,E08000001,Count,Households,30
2011,E01004826,E08000001,Count,Households,42
2011,E01004865,E08000001,Count,Households,11
2011,E01004866,E08000001,Count,Households,43
2011,E01004840,E08000001,Count,Households,15
2011,E01004841,E08000001,Count,Households,46
2011,E01004842,E08000001,Count,Households,5
2011,E01004919,E08000001,Count,Households,10
2011,E01004920,E08000001,Count,Households,28
2011,E01004787,E08000001,Count,Households,54
2011,E01004793,E08000001,Count,Households,43
2011,E01004794,E08000001,Count,Households,66
2011,E01004795,E08000001,Count,Households,26
2011,E01004797,E08000001,Count,Households,40
2011,E01004775,E08000001,Count,Households,4
2011,E01004885,E08000001,Count,Households,3
2011,E01004886,E08000001,Count,Households,24
2011,E01004887,E08000001,Count,Households,18
2011,E01004868,E08000001,Count,Households,34
2011,E01004869,E08000001,Count,Households,52
2011,E01004870,E08000001,Count,Households,15
2011,E01004871,E08000001,Count,Households,35
2011,E01004922,E08000001,Count,Households,31
2011,E01004822,E08000001,Count,Households,30
2011,E01004823,E08000001,Count,Households,47
2011,E01004848,E08000001,Count,Households,38
2011,E01033217,E08000001,Count,Households,14
2011,E01033220,E08000001,Count,Households,27
2011,E01004818,E08000001,Count,Households,18
2011,E01004819,E08000001,Count,Households,11
2011,E01004928,E08000001,Count,Households,37
2011,E01004930,E08000001,Count,Households,17
2011,E01004931,E08000001,Count,Households,31
2011,E01004932,E08000001,Count,Households,18
2011,E01004834,E08000001,Count,Households,19
2011,E01004838,E08000001,Count,Households,39
2011,E01004843,E08000001,Count,Households,3
2011,E01004845,E08000001,Count,Households,5
2011,E01004923,E08000001,Count,Households,13
2011,E01004796,E08000001,Count,Households,14
2011,E01004798,E08000001,Count,Households,39
2011,E01004799,E08000001,Count,Households,7
2011,E01004800,E08000001,Count,Households,4
2011,E01004801,E08000001,Count,Households,70
2011,E01004917,E08000001,Count,Households,44
2011,E01004835,E08000001,Count,Households,2
2011,E01004836,E08000001,Count,Households,4
2011,E01004837,E08000001,Count,Households,2
2011,E01004844,E08000001,Count,Households,4
2011,E01004897,E08000001,Count,Households,9
2011,E01004827,E08000001,Count,Households,41
2011,E01004849,E08000001,Count,Households,24
2011,E01004850,E08000001,Count,Households,39
2011,E01004851,E08000001,Count,Households,17
2011,E01004853,E08000001,Count,Households,32
2011,E01004811,E08000001,Count,Households,40
2011,E01004812,E08000001,Count,Households,30
2011,E01004813,E08000001,Count,Households,27
2011,E01004815,E08000001,Count,Households,28
2011,E01004817,E08000001,Count,Households,15
2011,E01004828,E08000001,Count,Households,35
2011,E01004829,E08000001,Count,Households,17
2011,E01004832,E08000001,Count,Households,23
2011,E01004854,E08000001,Count,Households,19
2011,E01004878,E08000001,Count,Households,14
2011,E01004911,E08000001,Count,Households,22
2011,E01004912,E08000001,Count,Households,5
2011,E01004913,E08000001,Count,Households,23
2011,E01004914,E08000001,Count,Households,6
2011,E01004915,E08000001,Count,Households,9
2011,E01004916,E08000001,Count,Households,18
2011,E01004918,E08000001,Count,Households,2
2011,E01004846,E08000001,Count,Households,29
2011,E01004847,E08000001,Count,Households,59
2011,E01004852,E08000001,Count,Households,17
2011,E01004877,E08000001,Count,Households,48
2011,E01004879,E08000001,Count,Households,33
2011,E01004830,E08000001,Count,Households,28
2011,E01004831,E08000001,Count,Households,10
2011,E01004833,E08000001,Count,Households,6
2011,E01004839,E08000001,Count,Households,46
2011,E01004814,E08000001,Count,Households,29
2011,E01004855,E08000001,Count,Households,30
2011,E01004856,E08000001,Count,Households,38
2011,E01004857,E08000001,Count,Households,46
2011,E01004891,E08000001,Count,Households,2
2011,E01004893,E08000001,Count,Households,2
2011,E01004894,E08000001,Count,Households,20
2011,E01004901,E08000001,Count,Households,4
2011,E01033218,E08000001,Count,Households,8
2011,E01033219,E08000001,Count,Households,4
2011,E01004816,E08000001,Count,Households,18
2011,E01004872,E08000001,Count,Households,36
2011,E01004873,E08000001,Count,Households,48
2011,E01004875,E08000001,Count,Households,21
2011,E01004880,E08000001,Count,Households,9
2011,E01004892,E08000001,Count,Households,2
2011,E01004896,E08000001,Count,Households,2
2011,E01004899,E08000001,Count,Households,13
2011,E01004900,E08000001,Count,Households,11
2011,E01004776,E08000001,Count,Households,21
2011,E01004895,E08000001,Count,Households,16
2011,E01004936,E08000001,Count,Households,8
2011,E01004938,E08000001,Count,Households,35
2011,E01004939,E08000001,Count,Households,24
2011,E01004858,E08000001,Count,Households,16
2011,E01004859,E08000001,Count,Households,36
2011,E01004860,E08000001,Count,Households,32
2011,E01004902,E08000001,Count,Households,19
2011,E01004906,E08000001,Count,Households,25
2011,E01004861,E08000001,Count,Households,54
2011,E01004862,E08000001,Count,Households,49
2011,E01004863,E08000001,Count,Households,37
2011,E01004874,E08000001,Count,Households,45
2011,E01004876,E08000001,Count,Households,50
2011,E01004903,E08000001,Count,Households,8
2011,E01004904,E08000001,Count,Households,15
2011,E01004905,E08000001,Count,Households,26
2011,E01004907,E08000001,Count,Households,28
2011,E01004908,E08000001,Count,Households,12
2011,E01004909,E08000001,Count,Households,30
2011,E01004910,E08000001,Count,Households,16
2011,E01004933,E08000001,Count,Households,5
2011,E01004934,E08000001,Count,Households,25
2011,E01004935,E08000001,Count,Households,11
2011,E01004937,E08000001,Count,Households,8
2011,E01004940,E08000001,Count,Households,11
2011,E01005014,E08000002,Count,Households,20
2011,E01005015,E08000002,Count,Households,20
2011,E01005016,E08000002,Count,Households,10
2011,E01005017,E08000002,Count,Households,3
2011,E01005018,E08000002,Count,Households,17
2011,E01005021,E08000002,Count,Households,0
2011,E01005019,E08000002,Count,Households,11
2011,E01005023,E08000002,Count,Households,7
2011,E01005046,E08000002,Count,Households,0
2011,E01005048,E08000002,Count,Households,3
2011,E01005020,E08000002,Count,Households,1
2011,E01005022,E08000002,Count,Households,11
2011,E01005047,E08000002,Count,Households,0
2011,E01005049,E08000002,Count,Households,10
2011,E01005051,E08000002,Count,Households,6
2011,E01004976,E08000002,Count,Households,28
2011,E01004977,E08000002,Count,Households,9
2011,E01004978,E08000002,Count,Households,18
2011,E01004981,E08000002,Count,Households,14
2011,E01004982,E08000002,Count,Households,5
2011,E01004961,E08000002,Count,Households,26
2011,E01004965,E08000002,Count,Households,7
2011,E01004966,E08000002,Count,Households,44
2011,E01004967,E08000002,Count,Households,3
2011,E01004963,E08000002,Count,Households,9
2011,E01004968,E08000002,Count,Households,5
2011,E01005050,E08000002,Count,Households,12
2011,E01005052,E08000002,Count,Households,4
2011,E01005053,E08000002,Count,Households,12
2011,E01004954,E08000002,Count,Households,12
2011,E01004955,E08000002,Count,Households,21
2011,E01004956,E08000002,Count,Households,30
2011,E01004957,E08000002,Count,Households,61
2011,E01004960,E08000002,Count,Households,71
2011,E01004958,E08000002,Count,Households,28
2011,E01004959,E08000002,Count,Households,32
2011,E01004979,E08000002,Count,Households,29
2011,E01004980,E08000002,Count,Households,20
2011,E01005024,E08000002,Count,Households,31
2011,E01005026,E08000002,Count,Households,20
2011,E01004947,E08000002,Count,Households,34
2011,E01004948,E08000002,Count,Households,36
2011,E01004962,E08000002,Count,Households,14
2011,E01004964,E08000002,Count,Households,15
2011,E01004949,E08000002,Count,Households,5
2011,E01004950,E08000002,Count,Households,2
2011,E01004951,E08000002,Count,Households,4
2011,E01004952,E08000002,Count,Households,2
2011,E01004953,E08000002,Count,Households,2
2011,E01005025,E08000002,Count,Households,8
2011,E01005027,E08000002,Count,Households,20
2011,E01005028,E08000002,Count,Households,39
2011,E01005029,E08000002,Count,Households,21
2011,E01005000,E08000002,Count,Households,6
2011,E01005001,E08000002,Count,Households,11
2011,E01005005,E08000002,Count,Households,4
2011,E01005006,E08000002,Count,Households,13
2011,E01005030,E08000002,Count,Households,29
2011,E01005054,E08000002,Count,Households,9
2011,E01005059,E08000002,Count,Households,15
2011,E01005060,E08000002,Count,Households,12
2011,E01004997,E08000002,Count,Households,16
2011,E01004998,E08000002,Count,Households,8
2011,E01004999,E08000002,Count,Households,18
2011,E01005002,E08000002,Count,Households,12
2011,E01005003,E08000002,Count,Households,21
2011,E01004991,E08000002,Count,Households,24
2011,E01004992,E08000002,Count,Households,20
2011,E01004993,E08000002,Count,Households,23
2011,E01004994,E08000002,Count,Households,36
2011,E01004990,E08000002,Count,Households,17
2011,E01004996,E08000002,Count,Households,42
2011,E01005004,E08000002,Count,Households,27
2011,E01005008,E08000002,Count,Households,55
2011,E01005009,E08000002,Count,Households,39
2011,E01004945,E08000002,Count,Households,4
2011,E01005055,E08000002,Count,Households,3
2011,E01005056,E08000002,Count,Households,6
2011,E01005057,E08000002,Count,Households,20
2011,E01005058,E08000002,Count,Households,3
2011,E01004995,E08000002,Count,Households,8
2011,E01005010,E08000002,Count,Households,16
2011,E01005012,E08000002,Count,Households,45
2011,E01005013,E08000002,Count,Households,59
2011,E01004984,E08000002,Count,Households,3
2011,E01004985,E08000002,Count,Households,2
2011,E01004989,E08000002,Count,Households,4
2011,E01005007,E08000002,Count,Households,5
2011,E01005011,E08000002,Count,Households,3
2011,E01004983,E08000002,Count,Households,13
2011,E01004986,E08000002,Count,Households,30
2011,E01004987,E08000002,Count,Households,17
2011,E01004988,E08000002,Count,Households,11
2011,E01004941,E08000002,Count,Households,29
2011,E01004942,E08000002,Count,Households,45
2011,E01004943,E08000002,Count,Households,28
2011,E01004944,E08000002,Count,Households,10
2011,E01004946,E08000002,Count,Households,41
2011,E01004969,E08000002,Count,Households,6
2011,E01004970,E08000002,Count,Households,6
2011,E01004971,E08000002,Count,Households,7
2011,E01005034,E08000002,Count,Households,6
2011,E01004972,E08000002,Count,Households,33
2011,E01004973,E08000002,Count,Households,18
2011,E01004975,E08000002,Count,Households,24
2011,E01005039,E08000002,Count,Households,42
2011,E01005045,E08000002,Count,Households,22
2011,E01004974,E08000002,Count,Households,6
2011,E01005033,E08000002,Count,Households,5
2011,E01005036,E08000002,Count,Households,14
2011,E01005037,E08000002,Count,Households,17
2011,E01005031,E08000002,Count,Households,19
2011,E01005032,E08000002,Count,Households,22
2011,E01005035,E08000002,Count,Households,10
2011,E01005038,E08000002,Count,Households,7
2011,E01005040,E08000002,Count,Households,10
2011,E01005041,E08000002,Count,Households,4
2011,E01005042,E08000002,Count,Households,8
2011,E01005043,E08000002,Count,Households,3
2011,E01005044,E08000002,Count,Households,4
2011,E01005098,E08000003,Count,Households,49
2011,E01005099,E08000003,Count,Households,92
2011,E01005100,E08000003,Count,Households,44
2011,E01005102,E08000003,Count,Households,25
2011,E01005103,E08000003,Count,Households,49
2011,E01005101,E08000003,Count,Households,43
2011,E01005135,E08000003,Count,Households,66
2011,E01005136,E08000003,Count,Households,19
2011,E01005138,E08000003,Count,Households,89
2011,E01005140,E08000003,Count,Households,69
2011,E01005139,E08000003,Count,Households,36
2011,E01005141,E08000003,Count,Households,57
2011,E01005251,E08000003,Count,Households,58
2011,E01005252,E08000003,Count,Households,46
2011,E01033685,E08000003,Count,Households,23
2011,E01033687,E08000003,Count,Households,27
2011,E01005104,E08000003,Count,Households,69
2011,E01005160,E08000003,Count,Households,19
2011,E01005161,E08000003,Count,Households,28
2011,E01005162,E08000003,Count,Households,19
2011,E01005163,E08000003,Count,Households,23
2011,E01005247,E08000003,Count,Households,14
2011,E01005248,E08000003,Count,Households,8
2011,E01005249,E08000003,Count,Households,28
2011,E01005250,E08000003,Count,Households,67
2011,E01005253,E08000003,Count,Households,53
2011,E01005254,E08000003,Count,Households,17
2011,E01005164,E08000003,Count,Households,44
2011,E01005205,E08000003,Count,Households,64
2011,E01005206,E08000003,Count,Households,40
2011,E01005207,E08000003,Count,Households,56
2011,E01005223,E08000003,Count,Households,28
2011,E01005224,E08000003,Count,Households,58
2011,E01005225,E08000003,Count,Households,53
2011,E01005226,E08000003,Count,Households,44
2011,E01005229,E08000003,Count,Households,14
2011,E01005145,E08000003,Count,Households,44
2011,E01005146,E08000003,Count,Households,39
2011,E01005149,E08000003,Count,Households,23
2011,E01005165,E08000003,Count,Households,50
2011,E01005166,E08000003,Count,Households,26
2011,E01005167,E08000003,Count,Households,38
2011,E01005202,E08000003,Count,Households,111
2011,E01005203,E08000003,Count,Households,83
2011,E01005227,E08000003,Count,Households,68
2011,E01005228,E08000003,Count,Households,70
2011,E01033678,E08000003,Count,Households,57
2011,E01033679,E08000003,Count,Households,62
2011,E01005256,E08000003,Count,Households,70
2011,E01005257,E08000003,Count,Households,85
2011,E01005258,E08000003,Count,Households,44
2011,E01005259,E08000003,Count,Households,87
2011,E01005260,E08000003,Count,Households,21
2011,E01005093,E08000003,Count,Households,69
2011,E01005094,E08000003,Count,Households,61
2011,E01005097,E08000003,Count,Households,81
2011,E01005255,E08000003,Count,Households,63
2011,E01005261,E08000003,Count,Households,73
2011,E01005129,E08000003,Count,Households,56
2011,E01005132,E08000003,Count,Households,74
2011,E01005133,E08000003,Count,Households,36
2011,E01033663,E08000003,Count,Households,8
2011,E01033684,E08000003,Count,Households,1
2011,E01033688,E08000003,Count,Households,53
2011,E01005092,E08000003,Count,Households,64
2011,E01005105,E08000003,Count,Households,77
2011,E01005106,E08000003,Count,Households,56
2011,E01005107,E08000003,Count,Households,75
2011,E01033668,E08000003,Count,Households,32
2011,E01033669,E08000003,Count,Households,47
2011,E01005108,E08000003,Count,Households,125
2011,E01005189,E08000003,Count,Households,60
2011,E01005190,E08000003,Count,Households,71
2011,E01033666,E08000003,Count,Households,46
2011,E01005061,E08000003,Count,Households,72
2011,E01005062,E08000003,Count,Households,47
2011,E01005063,E08000003,Count,Households,44
2011,E01005065,E08000003,Count,Households,59
2011,E01005066,E08000003,Count,Households,16
2011,E01005208,E08000003,Count,Households,47
2011,E01005209,E08000003,Count,Households,42
2011,E01005210,E08000003,Count,Households,24
2011,E01005214,E08000003,Count,Households,37
2011,E01005067,E08000003,Count,Households,56
2011,E01005186,E08000003,Count,Households,54
2011,E01005232,E08000003,Count,Households,30
2011,E01005235,E08000003,Count,Households,58
2011,E01005239,E08000003,Count,Households,83
2011,E01005187,E08000003,Count,Households,74
2011,E01005188,E08000003,Count,Households,41
2011,E01005191,E08000003,Count,Households,57
2011,E01005192,E08000003,Count,Households,26
2011,E01005193,E08000003,Count,Households,49
2011,E01005230,E08000003,Count,Households,25
2011,E01005231,E08000003,Count,Households,4
2011,E01005236,E08000003,Count,Households,30
2011,E01005237,E08000003,Count,Households,19
2011,E01033652,E08000003,Count,Households,18
2011,E01033657,E08000003,Count,Households,19
2011,E01005195,E08000003,Count,Households,68
2011,E01005196,E08000003,Count,Households,112
2011,E01005197,E08000003,Count,Households,43
2011,E01005198,E08000003,Count,Households,53
2011,E01005201,E08000003,Count,Households,92
2011,E01005240,E08000003,Count,Households,111
2011,E01005243,E08000003,Count,Households,106
2011,E01005245,E08000003,Count,Households,103
2011,E01005246,E08000003,Count,Households,100
2011,E01005241,E08000003,Count,Households,61
2011,E01005242,E08000003,Count,Households,125
2011,E01005244,E08000003,Count,Households,42
2011,E01005285,E08000003,Count,Households,24
2011,E01005288,E08000003,Count,Households,26
2011,E01005280,E08000003,Count,Households,35
2011,E01005281,E08000003,Count,Households,2
2011,E01005284,E08000003,Count,Households,6
2011,E01005286,E08000003,Count,Households,6
2011,E01005287,E08000003,Count,Households,37
2011,E01005194,E08000003,Count,Households,55
2011,E01005199,E08000003,Count,Households,57
2011,E01005200,E08000003,Count,Households,37
2011,E01005233,E08000003,Count,Households,64
2011,E01005234,E08000003,Count,Households,42
2011,E01005238,E08000003,Count,Households,34
2011,E01005297,E08000003,Count,Households,40
2011,E01005298,E08000003,Count,Households,24
2011,E01005302,E08000003,Count,Households,16
2011,E01033680,E08000003,Count,Households,11
2011,E01033686,E08000003,Count,Households,12
2011,E01005150,E08000003,Count,Households,8
2011,E01005151,E08000003,Count,Households,2
2011,E01005152,E08000003,Count,Households,3
2011,E01005159,E08000003,Count,Households,2
2011,E01005296,E08000003,Count,Households,6
2011,E01005299,E08000003,Count,Households,12
2011,E01005178,E08000003,Count,Households,44
2011,E01005179,E08000003,Count,Households,20
2011,E01005180,E08000003,Count,Households,61
2011,E01005181,E08000003,Count,Households,17
2011,E01005182,E08000003,Count,Households,37
2011,E01005183,E08000003,Count,Households,53
2011,E01005219,E08000003,Count,Households,26
2011,E01005220,E08000003,Count,Households,28
2011,E01005221,E08000003,Count,Households,27
2011,E01005222,E08000003,Count,Households,48
2011,E01005184,E08000003,Count,Households,15
2011,E01005185,E08000003,Count,Households,4
2011,E01005271,E08000003,Count,Households,12
2011,E01005282,E08000003,Count,Households,25
2011,E01005283,E08000003,Count,Households,9
2011,E01005154,E08000003,Count,Households,2
2011,E01005156,E08000003,Count,Households,2
2011,E01005158,E08000003,Count,Households,20
2011,E01005300,E08000003,Count,Households,12
2011,E01005301,E08000003,Count,Households,9
2011,E01005118,E08000003,Count,Households,10
2011,E01005120,E08000003,Count,Households,26
2011,E01005215,E08000003,Count,Households,25
2011,E01005216,E08000003,Count,Households,8
2011,E01005217,E08000003,Count,Households,12
2011,E01005218,E08000003,Count,Households,8
2011,E01005270,E08000003,Count,Households,43
2011,E01005272,E08000003,Count,Households,74
2011,E01005273,E08000003,Count,Households,20
2011,E01005278,E08000003,Count,Households,13
2011,E01005279,E08000003,Count,Households,46
2011,E01005305,E08000003,Count,Households,9
2011,E01005309,E08000003,Count,Households,7
2011,E01005310,E08000003,Count,Households,25
2011,E01005311,E08000003,Count,Households,14
2011,E01005312,E08000003,Count,Households,8
2011,E01005082,E08000003,Count,Households,46
2011,E01005153,E08000003,Count,Households,13
2011,E01005155,E08000003,Count,Households,4
2011,E01005157,E08000003,Count,Households,4
2011,E01005274,E08000003,Count,Households,37
2011,E01005275,E08000003,Count,Households,7
2011,E01005276,E08000003,Count,Households,19
2011,E01005277,E08000003,Count,Households,3
2011,E01005076,E08000003,Count,Households,10
2011,E01005081,E08000003,Count,Households,74
2011,E01005083,E08000003,Count,Households,2
2011,E01033670,E08000003,Count,Households,7
2011,E01033671,E08000003,Count,Households,4
2011,E01005125,E08000003,Count,Households,46
2011,E01005304,E08000003,Count,Households,7
2011,E01005306,E08000003,Count,Households,4
2011,E01005307,E08000003,Count,Households,2
2011,E01005308,E08000003,Count,Households,43
2011,E01005119,E08000003,Count,Households,53
2011,E01005121,E08000003,Count,Households,41
2011,E01005122,E08000003,Count,Households,56
2011,E01005123,E08000003,Count,Households,79
2011,E01005124,E08000003,Count,Households,69
2011,E01005077,E08000003,Count,Households,68
2011,E01005078,E08000003,Count,Households,1
2011,E01005079,E08000003,Count,Households,38
2011,E01005084,E08000003,Count,Households,33
2011,E01005172,E08000003,Count,Households,2
2011,E01005173,E08000003,Count,Households,1
2011,E01005174,E08000003,Count,Households,2
2011,E01005175,E08000003,Count,Households,8
2011,E01005176,E08000003,Count,Households,6
2011,E01005177,E08000003,Count,Households,4
2011,E01005115,E08000003,Count,Households,41
2011,E01005262,E08000003,Count,Households,41
2011,E01005264,E08000003,Count,Households,35
2011,E01005265,E08000003,Count,Households,47
2011,E01005266,E08000003,Count,Households,59
2011,E01005126,E08000003,Count,Households,15
2011,E01005168,E08000003,Count,Households,6
2011,E01005169,E08000003,Count,Households,4
2011,E01005170,E08000003,Count,Households,11
2011,E01005171,E08000003,Count,Households,6
2011,E01005263,E08000003,Count,Households,12
2011,E01005267,E08000003,Count,Households,13
2011,E01005268,E08000003,Count,Households,4
2011,E01005269,E08000003,Count,Households,3
2011,E01005069,E08000003,Count,Households,8
2011,E01005111,E08000003,Count,Households,29
2011,E01005113,E08000003,Count,Households,35
2011,E01005114,E08000003,Count,Households,8
2011,E01005116,E08000003,Count,Households,25
2011,E01005071,E08000003,Count,Households,28
2011,E01005072,E08000003,Count,Households,44
2011,E01005073,E08000003,Count,Households,11
2011,E01005112,E08000003,Count,Households,41
2011,E01005117,E08000003,Count,Households,70
2011,E01005085,E08000003,Count,Households,52
2011,E01005086,E08000003,Count,Households,61
2011,E01005089,E08000003,Count,Households,71
2011,E01005289,E08000003,Count,Households,56
2011,E01005295,E08000003,Count,Households,32
2011,E01005087,E08000003,Count,Households,112
2011,E01005088,E08000003,Count,Households,79
2011,E01005090,E08000003,Count,Households,65
2011,E01005091,E08000003,Count,Households,89
2011,E01005291,E08000003,Count,Households,50
2011,E01005068,E08000003,Count,Households,55
2011,E01005070,E08000003,Count,Households,47
2011,E01005074,E08000003,Count,Households,25
2011,E01005075,E08000003,Count,Households,22
2011,E01005319,E08000003,Count,Households,70
2011,E01005290,E08000003,Count,Households,58
2011,E01005292,E08000003,Count,Households,48
2011,E01005293,E08000003,Count,Households,10
2011,E01005294,E08000003,Count,Households,14
2011,E01005317,E08000003,Count,Households,40
2011,E01005313,E08000003,Count,Households,45
2011,E01005314,E08000003,Count,Households,42
2011,E01005315,E08000003,Count,Households,45
2011,E01005316,E08000003,Count,Households,20
2011,E01005318,E08000003,Count,Households,42
2011,E01005130,E08000003,Count,Households,54
2011,E01033651,E08000003,Count,Households,4
2011,E01033658,E08000003,Count,Households,3
2011,E01033664,E08000003,Count,Households,1
2011,E01033667,E08000003,Count,Households,1
2011,E01005128,E08000003,Count,Households,2
2011,E01033653,E08000003,Count,Households,3
2011,E01033654,E08000003,Count,Households,1
2011,E01033659,E08000003,Count,Households,1
2011,E01033661,E08000003,Count,Households,2
2011,E01005143,E08000003,Count,Households,47
2011,E01033655,E08000003,Count,Households,1
2011,E01033665,E08000003,Count,Households,5
2011,E01033676,E08000003,Count,Households,63
2011,E01005212,E08000003,Count,Households,32
2011,E01033656,E08000003,Count,Households,2
2011,E01033662,E08000003,Count,Households,1
2011,E01005142,E08000003,Count,Households,53
2011,E01005147,E08000003,Count,Households,87
2011,E01033674,E08000003,Count,Households,17
2011,E01033675,E08000003,Count,Households,82
2011,E01005213,E08000003,Count,Households,51
2011,E01033660,E08000003,Count,Households,3
2011,E01033672,E08000003,Count,Households,33
2011,E01033673,E08000003,Count,Households,0
2011,E01033677,E08000003,Count,Households,1
2011,E01033681,E08000003,Count,Households,1
2011,E01033682,E08000003,Count,Households,0
2011,E01033683,E08000003,Count,Households,2
2011,E01005357,E08000004,Count,Households,8
2011,E01005358,E08000004,Count,Households,26
2011,E01005359,E08000004,Count,Households,4
2011,E01005360,E08000004,Count,Households,19
2011,E01005441,E08000004,Count,Households,31
2011,E01005442,E08000004,Count,Households,7
2011,E01005444,E08000004,Count,Households,26
2011,E01005445,E08000004,Count,Households,18
2011,E01005361,E08000004,Count,Households,6
2011,E01005443,E08000004,Count,Households,1
2011,E01005446,E08000004,Count,Households,14
2011,E01005447,E08000004,Count,Households,25
2011,E01005390,E08000004,Count,Households,11
2011,E01005394,E08000004,Count,Households,12
2011,E01005395,E08000004,Count,Households,12
2011,E01005396,E08000004,Count,Households,15
2011,E01005355,E08000004,Count,Households,14
2011,E01005356,E08000004,Count,Households,7
2011,E01005399,E08000004,Count,Households,6
2011,E01005403,E08000004,Count,Households,11
2011,E01005410,E08000004,Count,Households,3
2011,E01005411,E08000004,Count,Households,3
2011,E01005414,E08000004,Count,Households,5
2011,E01005415,E08000004,Count,Households,11
2011,E01005452,E08000004,Count,Households,3
2011,E01005453,E08000004,Count,Households,8
2011,E01032558,E08000004,Count,Households,65
2011,E01032559,E08000004,Count,Households,29
2011,E01005391,E08000004,Count,Households,9
2011,E01005392,E08000004,Count,Households,28
2011,E01005393,E08000004,Count,Households,5
2011,E01005401,E08000004,Count,Households,7
2011,E01005397,E08000004,Count,Households,12
2011,E01005398,E08000004,Count,Households,8
2011,E01005400,E08000004,Count,Households,26
2011,E01005402,E08000004,Count,Households,10
2011,E01005335,E08000004,Count,Households,9
2011,E01005337,E08000004,Count,Households,21
2011,E01005339,E08000004,Count,Households,2
2011,E01005340,E08000004,Count,Households,30
2011,E01005421,E08000004,Count,Households,60
2011,E01005422,E08000004,Count,Households,80
2011,E01032920,E08000004,Count,Households,45
2011,E01005448,E08000004,Count,Households,63
2011,E01005449,E08000004,Count,Households,35
2011,E01005454,E08000004,Count,Households,8
2011,E01005455,E08000004,Count,Households,18
2011,E01005456,E08000004,Count,Households,48
2011,E01005407,E08000004,Count,Households,3
2011,E01005412,E08000004,Count,Households,7
2011,E01005416,E08000004,Count,Households,6
2011,E01005417,E08000004,Count,Households,6
2011,E01005348,E08000004,Count,Households,34
2011,E01005350,E08000004,Count,Households,40
2011,E01005432,E08000004,Count,Households,54
2011,E01005433,E08000004,Count,Households,72
2011,E01005329,E08000004,Count,Households,5
2011,E01005330,E08000004,Count,Households,3
2011,E01005333,E08000004,Count,Households,2
2011,E01005336,E08000004,Count,Households,4
2011,E01005349,E08000004,Count,Households,39
2011,E01005351,E08000004,Count,Households,20
2011,E01005352,E08000004,Count,Households,21
2011,E01005353,E08000004,Count,Households,38
2011,E01005354,E08000004,Count,Households,24
2011,E01005327,E08000004,Count,Households,20
2011,E01005328,E08000004,Count,Households,27
2011,E01005331,E08000004,Count,Households,20
2011,E01005334,E08000004,Count,Households,6
2011,E01005338,E08000004,Count,Households,33
2011,E01005387,E08000004,Count,Households,11
2011,E01005388,E08000004,Count,Households,16
2011,E01005389,E08000004,Count,Households,52
2011,E01005418,E08000004,Count,Households,5
2011,E01005428,E08000004,Count,Households,36
2011,E01005431,E08000004,Count,Households,36
2011,E01005450,E08000004,Count,Households,46
2011,E01005451,E08000004,Count,Households,13
2011,E01005408,E08000004,Count,Households,7
2011,E01005409,E08000004,Count,Households,8
2011,E01032922,E08000004,Count,Households,15
2011,E01005406,E08000004,Count,Households,4
2011,E01005413,E08000004,Count,Households,5
2011,E01005419,E08000004,Count,Households,5
2011,E01005420,E08000004,Count,Households,10
2011,E01005321,E08000004,Count,Households,31
2011,E01005326,E08000004,Count,Households,19
2011,E01005427,E08000004,Count,Households,37
2011,E01005429,E08000004,Count,Households,38
2011,E01005430,E08000004,Count,Households,56
2011,E01005320,E08000004,Count,Households,43
2011,E01005434,E08000004,Count,Households,16
2011,E01005437,E08000004,Count,Households,22
2011,E01005459,E08000004,Count,Households,26
2011,E01005383,E08000004,Count,Households,49
2011,E01005386,E08000004,Count,Households,58
2011,E01032556,E08000004,Count,Households,8
2011,E01032557,E08000004,Count,Households,82
2011,E01005342,E08000004,Count,Households,32
2011,E01005343,E08000004,Count,Households,30
2011,E01005344,E08000004,Count,Households,47
2011,E01005381,E08000004,Count,Households,32
2011,E01005332,E08000004,Count,Households,43
2011,E01005341,E08000004,Count,Households,9
2011,E01005345,E08000004,Count,Households,6
2011,E01005346,E08000004,Count,Households,4
2011,E01005347,E08000004,Count,Households,15
2011,E01005322,E08000004,Count,Households,67
2011,E01005323,E08000004,Count,Households,40
2011,E01005324,E08000004,Count,Households,66
2011,E01005325,E08000004,Count,Households,40
2011,E01005438,E08000004,Count,Households,51
2011,E01005377,E08000004,Count,Households,50
2011,E01005379,E08000004,Count,Households,78
2011,E01005380,E08000004,Count,Households,63
2011,E01005382,E08000004,Count,Households,43
2011,E01005439,E08000004,Count,Households,17
2011,E01005362,E08000004,Count,Households,14
2011,E01005364,E08000004,Count,Households,13
2011,E01005368,E08000004,Count,Households,36
2011,E01005376,E08000004,Count,Households,40
2011,E01005378,E08000004,Count,Households,35
2011,E01005363,E08000004,Count,Households,29
2011,E01005369,E08000004,Count,Households,46
2011,E01005370,E08000004,Count,Households,25
2011,E01005371,E08000004,Count,Households,28
2011,E01005365,E08000004,Count,Households,8
2011,E01005366,E08000004,Count,Households,23
2011,E01005367,E08000004,Count,Households,8
2011,E01005440,E08000004,Count,Households,12
2011,E01005372,E08000004,Count,Households,18
2011,E01005373,E08000004,Count,Households,4
2011,E01005374,E08000004,Count,Households,18
2011,E01005375,E08000004,Count,Households,7
2011,E01005435,E08000004,Count,Households,20
2011,E01005436,E08000004,Count,Households,19
2011,E01005460,E08000004,Count,Households,53
2011,E01005461,E08000004,Count,Households,27
2011,E01005462,E08000004,Count,Households,21
2011,E01005463,E08000004,Count,Households,21
2011,E01032921,E08000004,Count,Households,49
2011,E01005518,E08000005,Count,Households,19
2011,E01005520,E08000005,Count,Households,22
2011,E01005522,E08000005,Count,Households,21
2011,E01005523,E08000005,Count,Households,13
2011,E01005519,E08000005,Count,Households,13
2011,E01005594,E08000005,Count,Households,10
2011,E01005597,E08000005,Count,Households,12
2011,E01005598,E08000005,Count,Households,7
2011,E01005516,E08000005,Count,Households,4
2011,E01005517,E08000005,Count,Households,7
2011,E01005521,E08000005,Count,Households,3
2011,E01005596,E08000005,Count,Households,14
2011,E01005578,E08000005,Count,Households,33
2011,E01005579,E08000005,Count,Households,42
2011,E01005586,E08000005,Count,Households,55
2011,E01005593,E08000005,Count,Households,38
2011,E01005595,E08000005,Count,Households,24
2011,E01005489,E08000005,Count,Households,22
2011,E01005490,E08000005,Count,Households,22
2011,E01005491,E08000005,Count,Households,17
2011,E01005493,E08000005,Count,Households,5
2011,E01005494,E08000005,Count,Households,19
2011,E01005495,E08000005,Count,Households,21
2011,E01005488,E08000005,Count,Households,10
2011,E01005492,E08000005,Count,Households,8
2011,E01005499,E08000005,Count,Households,8
2011,E01005571,E08000005,Count,Households,1
2011,E01005570,E08000005,Count,Households,2
2011,E01005572,E08000005,Count,Households,5
2011,E01005573,E08000005,Count,Households,2
2011,E01005574,E08000005,Count,Households,6
2011,E01005587,E08000005,Count,Households,3
2011,E01005588,E08000005,Count,Households,15
2011,E01005580,E08000005,Count,Households,29
2011,E01005581,E08000005,Count,Households,28
2011,E01005583,E08000005,Count,Households,17
2011,E01005585,E08000005,Count,Households,24
2011,E01033258,E08000005,Count,Households,58
2011,E01005496,E08000005,Count,Households,39
2011,E01005589,E08000005,Count,Households,19
2011,E01005590,E08000005,Count,Households,26
2011,E01005591,E08000005,Count,Households,7
2011,E01005592,E08000005,Count,Households,49
2011,E01005472,E08000005,Count,Households,48
2011,E01005473,E08000005,Count,Households,30
2011,E01005482,E08000005,Count,Households,36
2011,E01005483,E08000005,Count,Households,34
2011,E01005484,E08000005,Count,Households,69
2011,E01005486,E08000005,Count,Households,56
2011,E01005487,E08000005,Count,Households,29
2011,E01005474,E08000005,Count,Households,10
2011,E01005575,E08000005,Count,Households,5
2011,E01005576,E08000005,Count,Households,2
2011,E01005577,E08000005,Count,Households,3
2011,E01005469,E08000005,Count,Households,21
2011,E01005563,E08000005,Count,Households,57
2011,E01005565,E08000005,Count,Households,36
2011,E01005566,E08000005,Count,Households,40
2011,E01005568,E08000005,Count,Households,67
2011,E01005569,E08000005,Count,Households,33
2011,E01005556,E08000005,Count,Households,11
2011,E01005559,E08000005,Count,Households,36
2011,E01005560,E08000005,Count,Households,14
2011,E01005567,E08000005,Count,Households,23
2011,E01005555,E08000005,Count,Households,7
2011,E01005557,E08000005,Count,Households,3
2011,E01005558,E08000005,Count,Households,18
2011,E01005561,E08000005,Count,Households,8
2011,E01005562,E08000005,Count,Households,7
2011,E01005470,E08000005,Count,Households,33
2011,E01005471,E08000005,Count,Households,31
2011,E01005475,E08000005,Count,Households,25
2011,E01005485,E08000005,Count,Households,27
2011,E01005564,E08000005,Count,Households,56
2011,E01005464,E08000005,Count,Households,73
2011,E01005465,E08000005,Count,Households,32
2011,E01005466,E08000005,Count,Households,84
2011,E01005467,E08000005,Count,Households,53
2011,E01005468,E08000005,Count,Households,9
2011,E01005476,E08000005,Count,Households,13
2011,E01005477,E08000005,Count,Households,39
2011,E01005478,E08000005,Count,Households,30
2011,E01005479,E08000005,Count,Households,25
2011,E01005480,E08000005,Count,Households,23
2011,E01005481,E08000005,Count,Households,18
2011,E01005497,E08000005,Count,Households,46
2011,E01005501,E08000005,Count,Households,28
2011,E01005502,E08000005,Count,Households,19
2011,E01005504,E08000005,Count,Households,30
2011,E01005505,E08000005,Count,Households,38
2011,E01005509,E08000005,Count,Households,56
2011,E01005510,E08000005,Count,Households,7
2011,E01005511,E08000005,Count,Households,12
2011,E01005512,E08000005,Count,Households,19
2011,E01005513,E08000005,Count,Households,54
2011,E01005514,E08000005,Count,Households,40
2011,E01005515,E08000005,Count,Households,66
2011,E01005498,E08000005,Count,Households,35
2011,E01005500,E08000005,Count,Households,10
2011,E01005503,E08000005,Count,Households,2
2011,E01005506,E08000005,Count,Households,21
2011,E01005507,E08000005,Count,Households,35
2011,E01005508,E08000005,Count,Households,10
2011,E01005524,E08000005,Count,Households,20
2011,E01005525,E08000005,Count,Households,32
2011,E01005526,E08000005,Count,Households,35
2011,E01005528,E08000005,Count,Households,37
2011,E01005536,E08000005,Count,Households,43
2011,E01005543,E08000005,Count,Households,5
2011,E01005527,E08000005,Count,Households,50
2011,E01005529,E08000005,Count,Households,45
2011,E01005551,E08000005,Count,Households,71
2011,E01005552,E08000005,Count,Households,74
2011,E01005553,E08000005,Count,Households,58
2011,E01005554,E08000005,Count,Households,12
2011,E01005534,E08000005,Count,Households,27
2011,E01005535,E08000005,Count,Households,23
2011,E01005537,E08000005,Count,Households,5
2011,E01005538,E08000005,Count,Households,38
2011,E01005540,E08000005,Count,Households,9
2011,E01005541,E08000005,Count,Households,31
2011,E01005542,E08000005,Count,Households,23
2011,E01005533,E08000005,Count,Households,15
2011,E01005539,E08000005,Count,Households,29
2011,E01005546,E08000005,Count,Households,19
2011,E01005547,E08000005,Count,Households,28
2011,E01005548,E08000005,Count,Households,16
2011,E01005530,E08000005,Count,Households,1
2011,E01005531,E08000005,Count,Households,16
2011,E01005532,E08000005,Count,Households,49
2011,E01005544,E08000005,Count,Households,7
2011,E01005545,E08000005,Count,Households,7
2011,E01005549,E08000005,Count,Households,4
2011,E01005550,E08000005,Count,Households,7
2011,E01005659,E08000006,Count,Households,37
2011,E01005660,E08000006,Count,Households,54
2011,E01005663,E08000006,Count,Households,40
2011,E01005664,E08000006,Count,Households,69
2011,E01005665,E08000006,Count,Households,84
2011,E01005703,E08000006,Count,Households,65
2011,E01005704,E08000006,Count,Households,36
2011,E01005706,E08000006,Count,Households,57
2011,E01005708,E08000006,Count,Households,31
2011,E01005702,E08000006,Count,Households,36
2011,E01005705,E08000006,Count,Households,27
2011,E01005707,E08000006,Count,Households,50
2011,E01005661,E08000006,Count,Households,55
2011,E01005662,E08000006,Count,Households,61
2011,E01005709,E08000006,Count,Households,64
2011,E01005710,E08000006,Count,Households,16
2011,E01005670,E08000006,Count,Households,40
2011,E01005672,E08000006,Count,Households,25
2011,E01005676,E08000006,Count,Households,4
2011,E01005677,E08000006,Count,Households,19
2011,E01005686,E08000006,Count,Households,27
2011,E01005688,E08000006,Count,Households,35
2011,E01005691,E08000006,Count,Households,9
2011,E01005692,E08000006,Count,Households,33
2011,E01005711,E08000006,Count,Households,13
2011,E01005712,E08000006,Count,Households,26
2011,E01005713,E08000006,Count,Households,5
2011,E01005714,E08000006,Count,Households,29
2011,E01005715,E08000006,Count,Households,5
2011,E01005718,E08000006,Count,Households,13
2011,E01005673,E08000006,Count,Households,22
2011,E01005675,E08000006,Count,Households,31
2011,E01005678,E08000006,Count,Households,51
2011,E01005679,E08000006,Count,Households,80
2011,E01005687,E08000006,Count,Households,41
2011,E01005689,E08000006,Count,Households,64
2011,E01005690,E08000006,Count,Households,11
2011,E01005693,E08000006,Count,Households,17
2011,E01005646,E08000006,Count,Households,2
2011,E01005649,E08000006,Count,Households,11
2011,E01005650,E08000006,Count,Households,15
2011,E01005651,E08000006,Count,Households,36
2011,E01005647,E08000006,Count,Households,8
2011,E01005648,E08000006,Count,Households,15
2011,E01005652,E08000006,Count,Households,35
2011,E01005653,E08000006,Count,Households,75
2011,E01005671,E08000006,Count,Households,28
2011,E01005674,E08000006,Count,Households,17
2011,E01005694,E08000006,Count,Households,19
2011,E01005696,E08000006,Count,Households,19
2011,E01005698,E08000006,Count,Households,56
2011,E01005700,E08000006,Count,Households,23
2011,E01005716,E08000006,Count,Households,5
2011,E01005717,E08000006,Count,Households,1
2011,E01005734,E08000006,Count,Households,8
2011,E01005735,E08000006,Count,Households,3
2011,E01005736,E08000006,Count,Households,7
2011,E01005737,E08000006,Count,Households,8
2011,E01005739,E08000006,Count,Households,12
2011,E01005695,E08000006,Count,Households,5
2011,E01005697,E08000006,Count,Households,8
2011,E01005738,E08000006,Count,Households,5
2011,E01005740,E08000006,Count,Households,2
2011,E01005741,E08000006,Count,Households,3
2011,E01005742,E08000006,Count,Households,8
2011,E01005625,E08000006,Count,Households,11
2011,E01005627,E08000006,Count,Households,7
2011,E01005699,E08000006,Count,Households,6
2011,E01005701,E08000006,Count,Households,15
2011,E01005609,E08000006,Count,Households,45
2011,E01005611,E08000006,Count,Households,58
2011,E01005612,E08000006,Count,Households,44
2011,E01005613,E08000006,Count,Households,69
2011,E01005614,E08000006,Count,Households,17
2011,E01005615,E08000006,Count,Households,34
2011,E01005624,E08000006,Count,Households,47
2011,E01005680,E08000006,Count,Households,49
2011,E01005683,E08000006,Count,Households,84
2011,E01032919,E08000006,Count,Households,94
2011,E01005622,E08000006,Count,Households,16
2011,E01005623,E08000006,Count,Households,7
2011,E01005626,E08000006,Count,Households,7
2011,E01005628,E08000006,Count,Households,8
2011,E01005725,E08000006,Count,Households,52
2011,E01005726,E08000006,Count,Households,29
2011,E01005727,E08000006,Count,Households,24
2011,E01005728,E08000006,Count,Households,4
2011,E01005733,E08000006,Count,Households,39
2011,E01005631,E08000006,Count,Households,10
2011,E01005632,E08000006,Count,Households,28
2011,E01005633,E08000006,Count,Households,22
2011,E01005634,E08000006,Count,Households,3
2011,E01005635,E08000006,Count,Households,5
2011,E01005636,E08000006,Count,Households,6
2011,E01005637,E08000006,Count,Households,13
2011,E01005629,E08000006,Count,Households,9
2011,E01005630,E08000006,Count,Households,20
2011,E01005719,E08000006,Count,Households,25
2011,E01005720,E08000006,Count,Households,70
2011,E01005722,E08000006,Count,Households,56
2011,E01005723,E08000006,Count,Households,47
2011,E01005724,E08000006,Count,Households,3
2011,E01005610,E08000006,Count,Households,48
2011,E01032684,E08000006,Count,Households,20
2011,E01032687,E08000006,Count,Households,3
2011,E01032906,E08000006,Count,Households,18
2011,E01032907,E08000006,Count,Households,19
2011,E01032909,E08000006,Count,Households,3
2011,E01032911,E08000006,Count,Households,12
2011,E01033330,E08000006,Count,Households,31
2011,E01005654,E08000006,Count,Households,54
2011,E01005656,E08000006,Count,Households,64
2011,E01005657,E08000006,Count,Households,29
2011,E01005721,E08000006,Count,Households,12
2011,E01005655,E08000006,Count,Households,40
2011,E01005658,E08000006,Count,Households,74
2011,E01005681,E08000006,Count,Households,16
2011,E01005682,E08000006,Count,Households,40
2011,E01005729,E08000006,Count,Households,50
2011,E01005730,E08000006,Count,Households,27
2011,E01005731,E08000006,Count,Households,67
2011,E01005732,E08000006,Count,Households,41
2011,E01005599,E08000006,Count,Households,21
2011,E01005600,E08000006,Count,Households,38
2011,E01005601,E08000006,Count,Households,48
2011,E01005602,E08000006,Count,Households,45
2011,E01005603,E08000006,Count,Households,47
2011,E01005604,E08000006,Count,Households,30
2011,E01005605,E08000006,Count,Households,33
2011,E01005638,E08000006,Count,Households,47
2011,E01005667,E08000006,Count,Households,61
2011,E01032685,E08000006,Count,Households,4
2011,E01032686,E08000006,Count,Households,1
2011,E01032912,E08000006,Count,Households,45
2011,E01032914,E08000006,Count,Households,16
2011,E01032915,E08000006,Count,Households,69
2011,E01032917,E08000006,Count,Households,17
2011,E01005639,E08000006,Count,Households,75
2011,E01005640,E08000006,Count,Households,52
2011,E01005641,E08000006,Count,Households,25
2011,E01005642,E08000006,Count,Households,11
2011,E01005643,E08000006,Count,Households,7
2011,E01005644,E08000006,Count,Households,12
2011,E01005645,E08000006,Count,Households,4
2011,E01005616,E08000006,Count,Households,28
2011,E01005617,E08000006,Count,Households,11
2011,E01005618,E08000006,Count,Households,39
2011,E01005619,E08000006,Count,Households,35
2011,E01005620,E08000006,Count,Households,32
2011,E01005621,E08000006,Count,Households,27
2011,E01005886,E08000007,Count,Households,36
2011,E01005888,E08000007,Count,Households,32
2011,E01005889,E08000007,Count,Households,29
2011,E01005891,E08000007,Count,Households,9
2011,E01005894,E08000007,Count,Households,12
2011,E01005887,E08000007,Count,Households,55
2011,E01005890,E08000007,Count,Households,29
2011,E01005893,E08000007,Count,Households,31
2011,E01005896,E08000007,Count,Households,30
2011,E01005919,E08000007,Count,Households,58
2011,E01005862,E08000007,Count,Households,6
2011,E01005892,E08000007,Count,Households,22
2011,E01005895,E08000007,Count,Households,19
2011,E01005920,E08000007,Count,Households,8
2011,E01005921,E08000007,Count,Households,30
2011,E01005922,E08000007,Count,Households,10
2011,E01005753,E08000007,Count,Households,73
2011,E01005754,E08000007,Count,Households,60
2011,E01005755,E08000007,Count,Households,69
2011,E01005756,E08000007,Count,Households,88
2011,E01005745,E08000007,Count,Households,22
2011,E01005746,E08000007,Count,Households,13
2011,E01005747,E08000007,Count,Households,4
2011,E01005748,E08000007,Count,Households,3
2011,E01005863,E08000007,Count,Households,8
2011,E01005864,E08000007,Count,Households,8
2011,E01005866,E08000007,Count,Households,11
2011,E01005869,E08000007,Count,Households,9
2011,E01005914,E08000007,Count,Households,15
2011,E01005915,E08000007,Count,Households,29
2011,E01005916,E08000007,Count,Households,29
2011,E01005917,E08000007,Count,Households,51
2011,E01005859,E08000007,Count,Households,4
2011,E01005865,E08000007,Count,Households,3
2011,E01005867,E08000007,Count,Households,2
2011,E01005868,E08000007,Count,Households,12
2011,E01005743,E08000007,Count,Households,10
2011,E01005744,E08000007,Count,Households,19
2011,E01005749,E08000007,Count,Households,16
2011,E01005750,E08000007,Count,Households,19
2011,E01005751,E08000007,Count,Households,26
2011,E01005897,E08000007,Count,Households,26
2011,E01005898,E08000007,Count,Households,12
2011,E01005900,E08000007,Count,Households,17
2011,E01005903,E08000007,Count,Households,1
2011,E01005904,E08000007,Count,Households,7
2011,E01005853,E08000007,Count,Households,36
2011,E01005856,E08000007,Count,Households,12
2011,E01005860,E08000007,Count,Households,4
2011,E01005861,E08000007,Count,Households,8
2011,E01005752,E08000007,Count,Households,39
2011,E01005899,E08000007,Count,Households,14
2011,E01005901,E08000007,Count,Households,1
2011,E01005902,E08000007,Count,Households,47
2011,E01005905,E08000007,Count,Households,44
2011,E01005852,E08000007,Count,Households,6
2011,E01005854,E08000007,Count,Households,2
2011,E01005855,E08000007,Count,Households,4
2011,E01005857,E08000007,Count,Households,4
2011,E01005858,E08000007,Count,Households,8
2011,E01005757,E08000007,Count,Households,28
2011,E01005758,E08000007,Count,Households,41
2011,E01005766,E08000007,Count,Households,28
2011,E01005918,E08000007,Count,Households,60
2011,E01005870,E08000007,Count,Households,29
2011,E01005871,E08000007,Count,Households,24
2011,E01005873,E08000007,Count,Households,9
2011,E01005875,E08000007,Count,Households,12
2011,E01005764,E08000007,Count,Households,35
2011,E01005816,E08000007,Count,Households,37
2011,E01005817,E08000007,Count,Households,21
2011,E01005822,E08000007,Count,Households,45
2011,E01005880,E08000007,Count,Households,4
2011,E01005881,E08000007,Count,Households,2
2011,E01005883,E08000007,Count,Households,2
2011,E01005908,E08000007,Count,Households,5
2011,E01005765,E08000007,Count,Households,7
2011,E01005818,E08000007,Count,Households,37
2011,E01005819,E08000007,Count,Households,10
2011,E01005820,E08000007,Count,Households,24
2011,E01005821,E08000007,Count,Households,15
2011,E01005823,E08000007,Count,Households,24
2011,E01005825,E08000007,Count,Households,9
2011,E01005872,E08000007,Count,Households,36
2011,E01005874,E08000007,Count,Households,37
2011,E01005876,E08000007,Count,Households,14
2011,E01005877,E08000007,Count,Households,19
2011,E01005878,E08000007,Count,Households,26
2011,E01005879,E08000007,Count,Households,10
2011,E01005882,E08000007,Count,Households,3
2011,E01005884,E08000007,Count,Households,4
2011,E01005885,E08000007,Count,Households,8
2011,E01005832,E08000007,Count,Households,8
2011,E01005833,E08000007,Count,Households,5
2011,E01005835,E08000007,Count,Households,6
2011,E01005837,E08000007,Count,Households,13
2011,E01005843,E08000007,Count,Households,5
2011,E01005769,E08000007,Count,Households,18
2011,E01005778,E08000007,Count,Households,5
2011,E01005779,E08000007,Count,Households,14
2011,E01005780,E08000007,Count,Households,9
2011,E01005781,E08000007,Count,Households,41
2011,E01005759,E08000007,Count,Households,25
2011,E01005760,E08000007,Count,Households,44
2011,E01005797,E08000007,Count,Households,19
2011,E01005800,E08000007,Count,Households,11
2011,E01005804,E08000007,Count,Households,18
2011,E01005824,E08000007,Count,Households,7
2011,E01005826,E08000007,Count,Households,39
2011,E01005827,E08000007,Count,Households,3
2011,E01005828,E08000007,Count,Households,49
2011,E01005829,E08000007,Count,Households,37
2011,E01005768,E08000007,Count,Households,4
2011,E01005770,E08000007,Count,Households,2
2011,E01005771,E08000007,Count,Households,2
2011,E01005775,E08000007,Count,Households,3
2011,E01005761,E08000007,Count,Households,31
2011,E01005762,E08000007,Count,Households,73
2011,E01005763,E08000007,Count,Households,52
2011,E01005799,E08000007,Count,Households,76
2011,E01005798,E08000007,Count,Households,10
2011,E01005801,E08000007,Count,Households,14
2011,E01005802,E08000007,Count,Households,6
2011,E01005803,E08000007,Count,Households,5
2011,E01005830,E08000007,Count,Households,13
2011,E01005831,E08000007,Count,Households,13
2011,E01005767,E08000007,Count,Households,3
2011,E01005772,E08000007,Count,Households,10
2011,E01005773,E08000007,Count,Households,7
2011,E01005774,E08000007,Count,Households,17
2011,E01005776,E08000007,Count,Households,6
2011,E01005909,E08000007,Count,Households,5
2011,E01005910,E08000007,Count,Households,21
2011,E01005911,E08000007,Count,Households,3
2011,E01005912,E08000007,Count,Households,4
2011,E01005782,E08000007,Count,Households,5
2011,E01005783,E08000007,Count,Households,10
2011,E01005784,E08000007,Count,Households,5
2011,E01005785,E08000007,Count,Households,3
2011,E01005786,E08000007,Count,Households,5
2011,E01005834,E08000007,Count,Households,19
2011,E01005836,E08000007,Count,Households,13
2011,E01005838,E08000007,Count,Households,23
2011,E01005840,E08000007,Count,Households,19
2011,E01005927,E08000007,Count,Households,7
2011,E01005928,E08000007,Count,Households,23
2011,E01005929,E08000007,Count,Households,4
2011,E01005930,E08000007,Count,Households,2
2011,E01005806,E08000007,Count,Households,3
2011,E01005813,E08000007,Count,Households,4
2011,E01005814,E08000007,Count,Households,0
2011,E01005815,E08000007,Count,Households,6
2011,E01005777,E08000007,Count,Households,17
2011,E01005787,E08000007,Count,Households,2
2011,E01005788,E08000007,Count,Households,5
2011,E01005790,E08000007,Count,Households,8
2011,E01005805,E08000007,Count,Households,1
2011,E01005807,E08000007,Count,Households,0
2011,E01005839,E08000007,Count,Households,5
2011,E01005841,E08000007,Count,Households,10
2011,E01005844,E08000007,Count,Households,5
2011,E01005845,E08000007,Count,Households,6
2011,E01005849,E08000007,Count,Households,1
2011,E01005851,E08000007,Count,Households,4
2011,E01005808,E08000007,Count,Households,7
2011,E01005809,E08000007,Count,Households,4
2011,E01005810,E08000007,Count,Households,9
2011,E01005811,E08000007,Count,Households,5
2011,E01005812,E08000007,Count,Households,3
2011,E01005842,E08000007,Count,Households,8
2011,E01005906,E08000007,Count,Households,2
2011,E01005907,E08000007,Count,Households,6
2011,E01005913,E08000007,Count,Households,6
2011,E01005789,E08000007,Count,Households,3
2011,E01005791,E08000007,Count,Households,6
2011,E01005793,E08000007,Count,Households,5
2011,E01005795,E08000007,Count,Households,3
2011,E01005796,E08000007,Count,Households,4
2011,E01005846,E08000007,Count,Households,4
2011,E01005847,E08000007,Count,Households,8
2011,E01005848,E08000007,Count,Households,6
2011,E01005850,E08000007,Count,Households,22
2011,E01005792,E08000007,Count,Households,1
2011,E01005794,E08000007,Count,Households,1
2011,E01005923,E08000007,Count,Households,1
2011,E01005931,E08000007,Count,Households,5
2011,E01005924,E08000007,Count,Households,4
2011,E01005925,E08000007,Count,Households,4
2011,E01005926,E08000007,Count,Households,4
2011,E01005932,E08000007,Count,Households,2
2011,E01006053,E08000008,Count,Households,11
2011,E01006054,E08000008,Count,Households,22
2011,E01006055,E08000008,Count,Households,9
2011,E01006057,E08000008,Count,Households,21
2011,E01006058,E08000008,Count,Households,21
2011,E01006059,E08000008,Count,Households,13
2011,E01005938,E08000008,Count,Households,20
2011,E01005939,E08000008,Count,Households,10
2011,E01005940,E08000008,Count,Households,8
2011,E01005955,E08000008,Count,Households,5
2011,E01006056,E08000008,Count,Households,41
2011,E01006061,E08000008,Count,Households,50
2011,E01006062,E08000008,Count,Households,8
2011,E01006063,E08000008,Count,Households,8
2011,E01005936,E08000008,Count,Households,10
2011,E01005937,E08000008,Count,Households,38
2011,E01005945,E08000008,Count,Households,55
2011,E01005946,E08000008,Count,Households,26
2011,E01005947,E08000008,Count,Households,44
2011,E01005954,E08000008,Count,Households,8
2011,E01005956,E08000008,Count,Households,2
2011,E01005957,E08000008,Count,Households,12
2011,E01005958,E08000008,Count,Households,37
2011,E01005959,E08000008,Count,Households,60
2011,E01005933,E08000008,Count,Households,57
2011,E01005934,E08000008,Count,Households,31
2011,E01005935,E08000008,Count,Households,51
2011,E01005949,E08000008,Count,Households,21
2011,E01005960,E08000008,Count,Households,37
2011,E01005941,E08000008,Count,Households,39
2011,E01005942,E08000008,Count,Households,9
2011,E01005943,E08000008,Count,Households,21
2011,E01005944,E08000008,Count,Households,5
2011,E01006060,E08000008,Count,Households,39
2011,E01006064,E08000008,Count,Households,35
2011,E01006065,E08000008,Count,Households,58
2011,E01006066,E08000008,Count,Households,29
2011,E01006067,E08000008,Count,Households,8
2011,E01006068,E08000008,Count,Households,18
2011,E01006069,E08000008,Count,Households,54
2011,E01006073,E08000008,Count,Households,46
2011,E01005993,E08000008,Count,Households,10
2011,E01005995,E08000008,Count,Households,7
2011,E01005996,E08000008,Count,Households,34
2011,E01005997,E08000008,Count,Households,22
2011,E01006000,E08000008,Count,Households,25
2011,E01005994,E08000008,Count,Households,20
2011,E01005999,E08000008,Count,Households,54
2011,E01006002,E08000008,Count,Households,24
2011,E01006004,E08000008,Count,Households,11
2011,E01006005,E08000008,Count,Households,38
2011,E01006007,E08000008,Count,Households,20
2011,E01005998,E08000008,Count,Households,23
2011,E01006001,E08000008,Count,Households,23
2011,E01006003,E08000008,Count,Households,18
2011,E01006006,E08000008,Count,Households,17
2011,E01005948,E08000008,Count,Households,31
2011,E01005950,E08000008,Count,Households,37
2011,E01005951,E08000008,Count,Households,42
2011,E01005952,E08000008,Count,Households,56
2011,E01005953,E08000008,Count,Households,43
2011,E01005961,E08000008,Count,Households,11
2011,E01005962,E08000008,Count,Households,10
2011,E01005968,E08000008,Count,Households,8
2011,E01005969,E08000008,Count,Households,9
2011,E01006022,E08000008,Count,Households,7
2011,E01006023,E08000008,Count,Households,23
2011,E01006070,E08000008,Count,Households,9
2011,E01006071,E08000008,Count,Households,1
2011,E01006072,E08000008,Count,Households,5
2011,E01006009,E08000008,Count,Households,15
2011,E01006017,E08000008,Count,Households,2
2011,E01006018,E08000008,Count,Households,3
2011,E01006021,E08000008,Count,Households,9
2011,E01006008,E08000008,Count,Households,25
2011,E01006010,E08000008,Count,Households,27
2011,E01006012,E08000008,Count,Households,22
2011,E01006015,E08000008,Count,Households,5
2011,E01006016,E08000008,Count,Households,41
2011,E01006011,E08000008,Count,Households,31
2011,E01006013,E08000008,Count,Households,8
2011,E01006014,E08000008,Count,Households,35
2011,E01006019,E08000008,Count,Households,23
2011,E01006020,E08000008,Count,Households,29
2011,E01005963,E08000008,Count,Households,12
2011,E01005964,E08000008,Count,Households,17
2011,E01005965,E08000008,Count,Households,41
2011,E01005966,E08000008,Count,Households,27
2011,E01005967,E08000008,Count,Households,25
2011,E01006031,E08000008,Count,Households,33
2011,E01006032,E08000008,Count,Households,26
2011,E01006033,E08000008,Count,Households,36
2011,E01006034,E08000008,Count,Households,55
2011,E01006035,E08000008,Count,Households,25
2011,E01006036,E08000008,Count,Households,48
2011,E01005970,E08000008,Count,Households,1
2011,E01005972,E08000008,Count,Households,43
2011,E01005974,E08000008,Count,Households,30
2011,E01005975,E08000008,Count,Households,27
2011,E01006024,E08000008,Count,Households,7
2011,E01006026,E08000008,Count,Households,11
2011,E01006037,E08000008,Count,Households,0
2011,E01006038,E08000008,Count,Households,17
2011,E01006047,E08000008,Count,Households,18
2011,E01006048,E08000008,Count,Households,2
2011,E01006049,E08000008,Count,Households,23
2011,E01006051,E08000008,Count,Households,19
2011,E01005985,E08000008,Count,Households,7
2011,E01005987,E08000008,Count,Households,3
2011,E01005988,E08000008,Count,Households,6
2011,E01005990,E08000008,Count,Households,6
2011,E01005991,E08000008,Count,Households,10
2011,E01005971,E08000008,Count,Households,28
2011,E01005986,E08000008,Count,Households,15
2011,E01005989,E08000008,Count,Households,3
2011,E01005992,E08000008,Count,Households,25
2011,E01005973,E08000008,Count,Households,10
2011,E01005976,E08000008,Count,Households,28
2011,E01005977,E08000008,Count,Households,6
2011,E01005978,E08000008,Count,Households,33
2011,E01006025,E08000008,Count,Households,50
2011,E01006027,E08000008,Count,Households,52
2011,E01006050,E08000008,Count,Households,84
2011,E01006052,E08000008,Count,Households,27
2011,E01006028,E08000008,Count,Households,46
2011,E01006029,E08000008,Count,Households,28
2011,E01006030,E08000008,Count,Households,33
2011,E01006039,E08000008,Count,Households,16
2011,E01006040,E08000008,Count,Households,25
2011,E01006041,E08000008,Count,Households,20
2011,E01005979,E08000008,Count,Households,18
2011,E01005980,E08000008,Count,Households,30
2011,E01005981,E08000008,Count,Households,29
2011,E01005982,E08000008,Count,Households,32
2011,E01005983,E08000008,Count,Households,14
2011,E01005984,E08000008,Count,Households,42
2011,E01006042,E08000008,Count,Households,17
2011,E01006043,E08000008,Count,Households,16
2011,E01006044,E08000008,Count,Households,4
2011,E01006045,E08000008,Count,Households,4
2011,E01006046,E08000008,Count,Households,6
2011,E01006109,E08000009,Count,Households,41
2011,E01006110,E08000009,Count,Households,34
2011,E01006111,E08000009,Count,Households,46
2011,E01006112,E08000009,Count,Households,32
2011,E01006185,E08000009,Count,Households,40
2011,E01006188,E08000009,Count,Households,17
2011,E01006116,E08000009,Count,Households,7
2011,E01006117,E08000009,Count,Households,8
2011,E01006118,E08000009,Count,Households,14
2011,E01006119,E08000009,Count,Households,4
2011,E01006121,E08000009,Count,Households,14
2011,E01006141,E08000009,Count,Households,26
2011,E01006186,E08000009,Count,Households,44
2011,E01006187,E08000009,Count,Households,41
2011,E01006189,E08000009,Count,Households,41
2011,E01006113,E08000009,Count,Households,12
2011,E01006114,E08000009,Count,Households,28
2011,E01006115,E08000009,Count,Households,22
2011,E01006145,E08000009,Count,Households,43
2011,E01006146,E08000009,Count,Households,29
2011,E01006122,E08000009,Count,Households,5
2011,E01006123,E08000009,Count,Households,20
2011,E01006124,E08000009,Count,Households,3
2011,E01006128,E08000009,Count,Households,7
2011,E01006131,E08000009,Count,Households,8
2011,E01006155,E08000009,Count,Households,12
2011,E01006157,E08000009,Count,Households,18
2011,E01006159,E08000009,Count,Households,54
2011,E01006182,E08000009,Count,Households,9
2011,E01006183,E08000009,Count,Households,10
2011,E01006125,E08000009,Count,Households,10
2011,E01006126,E08000009,Count,Households,41
2011,E01006127,E08000009,Count,Households,16
2011,E01006130,E08000009,Count,Households,6
2011,E01006132,E08000009,Count,Households,5
2011,E01006156,E08000009,Count,Households,27
2011,E01006158,E08000009,Count,Households,33
2011,E01006179,E08000009,Count,Households,19
2011,E01006184,E08000009,Count,Households,23
2011,E01006198,E08000009,Count,Households,14
2011,E01006199,E08000009,Count,Households,23
2011,E01006200,E08000009,Count,Households,11
2011,E01006201,E08000009,Count,Households,11
2011,E01006202,E08000009,Count,Households,7
2011,E01006120,E08000009,Count,Households,5
2011,E01006129,E08000009,Count,Households,9
2011,E01006133,E08000009,Count,Households,2
2011,E01006197,E08000009,Count,Households,8
2011,E01006203,E08000009,Count,Households,1
2011,E01006142,E08000009,Count,Households,29
2011,E01006143,E08000009,Count,Households,10
2011,E01006144,E08000009,Count,Households,47
2011,E01006180,E08000009,Count,Households,25
2011,E01006181,E08000009,Count,Households,16
2011,E01006147,E08000009,Count,Households,2
2011,E01006149,E08000009,Count,Households,8
2011,E01006150,E08000009,Count,Households,6
2011,E01006154,E08000009,Count,Households,1
2011,E01006165,E08000009,Count,Households,15
2011,E01006166,E08000009,Count,Households,25
2011,E01006169,E08000009,Count,Households,15
2011,E01006170,E08000009,Count,Households,10
2011,E01006171,E08000009,Count,Households,36
2011,E01006098,E08000009,Count,Households,2
2011,E01006099,E08000009,Count,Households,10
2011,E01006164,E08000009,Count,Households,1
2011,E01006174,E08000009,Count,Households,4
2011,E01006178,E08000009,Count,Households,3
2011,E01006097,E08000009,Count,Households,7
2011,E01006160,E08000009,Count,Households,11
2011,E01006161,E08000009,Count,Households,8
2011,E01006162,E08000009,Count,Households,3
2011,E01006163,E08000009,Count,Households,14
2011,E01006148,E08000009,Count,Households,11
2011,E01006151,E08000009,Count,Households,1
2011,E01006152,E08000009,Count,Households,5
2011,E01006153,E08000009,Count,Households,2
2011,E01006172,E08000009,Count,Households,7
2011,E01006104,E08000009,Count,Households,28
2011,E01006105,E08000009,Count,Households,107
2011,E01006106,E08000009,Count,Households,51
2011,E01006107,E08000009,Count,Households,28
2011,E01006108,E08000009,Count,Households,94
2011,E01006102,E08000009,Count,Households,9
2011,E01006173,E08000009,Count,Households,3
2011,E01006175,E08000009,Count,Households,57
2011,E01006176,E08000009,Count,Households,16
2011,E01006177,E08000009,Count,Households,46
2011,E01006091,E08000009,Count,Households,20
2011,E01006092,E08000009,Count,Households,34
2011,E01006095,E08000009,Count,Households,6
2011,E01006167,E08000009,Count,Households,52
2011,E01006168,E08000009,Count,Households,82
2011,E01006090,E08000009,Count,Households,8
2011,E01006094,E08000009,Count,Households,3
2011,E01006096,E08000009,Count,Households,3
2011,E01006100,E08000009,Count,Households,6
2011,E01006103,E08000009,Count,Households,4
2011,E01006101,E08000009,Count,Households,3
2011,E01006190,E08000009,Count,Households,2
2011,E01006195,E08000009,Count,Households,3
2011,E01006196,E08000009,Count,Households,3
2011,E01006210,E08000009,Count,Households,13
2011,E01006204,E08000009,Count,Households,6
2011,E01006206,E08000009,Count,Households,30
2011,E01006207,E08000009,Count,Households,33
2011,E01006208,E08000009,Count,Households,25
2011,E01006211,E08000009,Count,Households,23
2011,E01006093,E08000009,Count,Households,7
2011,E01006191,E08000009,Count,Households,4
2011,E01006192,E08000009,Count,Households,4
2011,E01006205,E08000009,Count,Households,2
2011,E01006209,E08000009,Count,Households,4
2011,E01006078,E08000009,Count,Households,16
2011,E01006080,E08000009,Count,Households,7
2011,E01006089,E08000009,Count,Households,9
2011,E01006193,E08000009,Count,Households,9
2011,E01006194,E08000009,Count,Households,18
2011,E01006074,E08000009,Count,Households,11
2011,E01006075,E08000009,Count,Households,10
2011,E01006076,E08000009,Count,Households,7
2011,E01006079,E08000009,Count,Households,10
2011,E01006087,E08000009,Count,Households,3
2011,E01006083,E08000009,Count,Households,2
2011,E01006084,E08000009,Count,Households,5
2011,E01006088,E08000009,Count,Households,7
2011,E01006139,E08000009,Count,Households,4
2011,E01006140,E08000009,Count,Households,6
2011,E01006077,E08000009,Count,Households,9
2011,E01006081,E08000009,Count,Households,2
2011,E01006082,E08000009,Count,Households,7
2011,E01006085,E08000009,Count,Households,2
2011,E01006086,E08000009,Count,Households,15
2011,E01006134,E08000009,Count,Households,8
2011,E01006135,E08000009,Count,Households,10
2011,E01006136,E08000009,Count,Households,2
2011,E01006137,E08000009,Count,Households,2
2011,E01006138,E08000009,Count,Households,15
2011,E01006315,E08000010,Count,Households,6
2011,E01006316,E08000010,Count,Households,4
2011,E01006317,E08000010,Count,Households,15
2011,E01006319,E08000010,Count,Households,11
2011,E01006229,E08000010,Count,Households,7
2011,E01006230,E08000010,Count,Households,2
2011,E01006233,E08000010,Count,Households,3
2011,E01006237,E08000010,Count,Households,10
2011,E01006238,E08000010,Count,Households,22
2011,E01006259,E08000010,Count,Households,14
2011,E01006312,E08000010,Count,Households,8
2011,E01006313,E08000010,Count,Households,16
2011,E01006314,E08000010,Count,Households,3
2011,E01006318,E08000010,Count,Households,9
2011,E01006320,E08000010,Count,Households,5
2011,E01006321,E08000010,Count,Households,10
2011,E01006231,E08000010,Count,Households,8
2011,E01006232,E08000010,Count,Households,6
2011,E01006234,E08000010,Count,Households,13
2011,E01006235,E08000010,Count,Households,24
2011,E01006253,E08000010,Count,Households,25
2011,E01006254,E08000010,Count,Households,50
2011,E01006255,E08000010,Count,Households,7
2011,E01006256,E08000010,Count,Households,12
2011,E01006260,E08000010,Count,Households,26
2011,E01006370,E08000010,Count,Households,14
2011,E01006372,E08000010,Count,Households,1
2011,E01006373,E08000010,Count,Households,7
2011,E01006374,E08000010,Count,Households,2
2011,E01006390,E08000010,Count,Households,18
2011,E01006236,E08000010,Count,Households,3
2011,E01006388,E08000010,Count,Households,18
2011,E01006389,E08000010,Count,Households,21
2011,E01006391,E08000010,Count,Households,7
2011,E01006257,E08000010,Count,Households,12
2011,E01006258,E08000010,Count,Households,19
2011,E01006369,E08000010,Count,Households,30
2011,E01006371,E08000010,Count,Households,10
2011,E01006375,E08000010,Count,Households,8
2011,E01006306,E08000010,Count,Households,24
2011,E01006307,E08000010,Count,Households,32
2011,E01006386,E08000010,Count,Households,29
2011,E01006387,E08000010,Count,Households,19
2011,E01006392,E08000010,Count,Households,45
2011,E01006350,E08000010,Count,Households,64
2011,E01006351,E08000010,Count,Households,99
2011,E01006357,E08000010,Count,Households,64
2011,E01006360,E08000010,Count,Households,74
2011,E01006361,E08000010,Count,Households,61
2011,E01006356,E08000010,Count,Households,31
2011,E01006396,E08000010,Count,Households,6
2011,E01006397,E08000010,Count,Households,15
2011,E01006398,E08000010,Count,Households,17
2011,E01006399,E08000010,Count,Households,19
2011,E01006305,E08000010,Count,Households,61
2011,E01006308,E08000010,Count,Households,32
2011,E01006309,E08000010,Count,Households,46
2011,E01006310,E08000010,Count,Households,48
2011,E01006311,E08000010,Count,Households,48
2011,E01006269,E08000010,Count,Households,22
2011,E01006271,E08000010,Count,Households,16
2011,E01006272,E08000010,Count,Households,19
2011,E01006273,E08000010,Count,Households,36
2011,E01006276,E08000010,Count,Households,21
2011,E01006353,E08000010,Count,Households,16
2011,E01006354,E08000010,Count,Households,30
2011,E01006355,E08000010,Count,Households,19
2011,E01006358,E08000010,Count,Households,30
2011,E01006359,E08000010,Count,Households,30
2011,E01006349,E08000010,Count,Households,16
2011,E01006352,E08000010,Count,Households,26
2011,E01006404,E08000010,Count,Households,29
2011,E01006405,E08000010,Count,Households,34
2011,E01006411,E08000010,Count,Households,64
2011,E01006270,E08000010,Count,Households,19
2011,E01006274,E08000010,Count,Households,38
2011,E01006275,E08000010,Count,Households,52
2011,E01006277,E08000010,Count,Households,11
2011,E01006286,E08000010,Count,Households,5
2011,E01006239,E08000010,Count,Households,39
2011,E01006240,E08000010,Count,Households,67
2011,E01006241,E08000010,Count,Households,65
2011,E01006287,E08000010,Count,Households,3
2011,E01006289,E08000010,Count,Households,47
2011,E01006362,E08000010,Count,Households,5
2011,E01006363,E08000010,Count,Households,5
2011,E01006364,E08000010,Count,Households,15
2011,E01006365,E08000010,Count,Households,13
2011,E01006366,E08000010,Count,Households,10
2011,E01006367,E08000010,Count,Households,3
2011,E01006368,E08000010,Count,Households,20
2011,E01006278,E08000010,Count,Households,15
2011,E01006279,E08000010,Count,Households,7
2011,E01006280,E08000010,Count,Households,16
2011,E01006281,E08000010,Count,Households,10
2011,E01006285,E08000010,Count,Households,4
2011,E01006406,E08000010,Count,Households,3
2011,E01006407,E08000010,Count,Households,4
2011,E01006408,E08000010,Count,Households,35
2011,E01006409,E08000010,Count,Households,3
2011,E01006410,E08000010,Count,Households,1
2011,E01006393,E08000010,Count,Households,5
2011,E01006394,E08000010,Count,Households,4
2011,E01006395,E08000010,Count,Households,2
2011,E01006400,E08000010,Count,Households,7
2011,E01006401,E08000010,Count,Households,3
2011,E01006402,E08000010,Count,Households,2
2011,E01006403,E08000010,Count,Households,5
2011,E01006290,E08000010,Count,Households,6
2011,E01006291,E08000010,Count,Households,18
2011,E01006292,E08000010,Count,Households,15
2011,E01006293,E08000010,Count,Households,23
2011,E01006242,E08000010,Count,Households,12
2011,E01006243,E08000010,Count,Households,11
2011,E01006244,E08000010,Count,Households,25
2011,E01006245,E08000010,Count,Households,21
2011,E01006213,E08000010,Count,Households,46
2011,E01006215,E08000010,Count,Households,50
2011,E01006217,E08000010,Count,Households,42
2011,E01006218,E08000010,Count,Households,47
2011,E01006219,E08000010,Count,Households,21
2011,E01006288,E08000010,Count,Households,65
2011,E01006294,E08000010,Count,Households,37
2011,E01006295,E08000010,Count,Households,26
2011,E01006377,E08000010,Count,Households,8
2011,E01006378,E08000010,Count,Households,3
2011,E01006212,E08000010,Count,Households,10
2011,E01006214,E08000010,Count,Households,40
2011,E01006216,E08000010,Count,Households,25
2011,E01006322,E08000010,Count,Households,30
2011,E01006329,E08000010,Count,Households,25
2011,E01006282,E08000010,Count,Households,18
2011,E01006283,E08000010,Count,Households,47
2011,E01006284,E08000010,Count,Households,28
2011,E01006336,E08000010,Count,Households,64
2011,E01006337,E08000010,Count,Households,17
2011,E01006376,E08000010,Count,Households,32
2011,E01006381,E08000010,Count,Households,8
2011,E01006382,E08000010,Count,Households,2
2011,E01006383,E08000010,Count,Households,12
2011,E01006384,E08000010,Count,Households,6
2011,E01006250,E08000010,Count,Households,5
2011,E01006251,E08000010,Count,Households,3
2011,E01006379,E08000010,Count,Households,11
2011,E01006380,E08000010,Count,Households,34
2011,E01006385,E08000010,Count,Households,4
2011,E01006328,E08000010,Count,Households,23
2011,E01006333,E08000010,Count,Households,29
2011,E01006334,E08000010,Count,Households,45
2011,E01006338,E08000010,Count,Households,26
2011,E01006248,E08000010,Count,Households,38
2011,E01006249,E08000010,Count,Households,39
2011,E01006330,E08000010,Count,Households,6
2011,E01006331,E08000010,Count,Households,3
2011,E01006332,E08000010,Count,Households,12
2011,E01006262,E08000010,Count,Households,26
2011,E01006263,E08000010,Count,Households,2
2011,E01006266,E08000010,Count,Households,4
2011,E01006267,E08000010,Count,Households,36
2011,E01006268,E08000010,Count,Households,20
2011,E01006323,E08000010,Count,Households,40
2011,E01006324,E08000010,Count,Households,36
2011,E01006325,E08000010,Count,Households,22
2011,E01006326,E08000010,Count,Households,20
2011,E01006327,E08000010,Count,Households,35
2011,E01006246,E08000010,Count,Households,25
2011,E01006247,E08000010,Count,Households,2
2011,E01006252,E08000010,Count,Households,5
2011,E01006297,E08000010,Count,Households,36
2011,E01006335,E08000010,Count,Households,28
2011,E01006220,E08000010,Count,Households,36
2011,E01006221,E08000010,Count,Households,18
2011,E01006222,E08000010,Count,Households,2
2011,E01006224,E08000010,Count,Households,5
2011,E01006226,E08000010,Count,Households,11
2011,E01006223,E08000010,Count,Households,17
2011,E01006225,E08000010,Count,Households,11
2011,E01006261,E08000010,Count,Households,11
2011,E01006264,E08000010,Count,Households,2
2011,E01006265,E08000010,Count,Households,17
2011,E01006296,E08000010,Count,Households,61
2011,E01006298,E08000010,Count,Households,35
2011,E01006299,E08000010,Count,Households,9
2011,E01006300,E08000010,Count,Households,3
2011,E01006301,E08000010,Count,Households,3
2011,E01006227,E08000010,Count,Households,5
2011,E01006228,E08000010,Count,Households,36
2011,E01006342,E08000010,Count,Households,19
2011,E01006344,E08000010,Count,Households,39
2011,E01006346,E08000010,Count,Households,25
2011,E01006339,E08000010,Count,Households,3
2011,E01006340,E08000010,Count,Households,29
2011,E01006343,E08000010,Count,Households,9
2011,E01006345,E08000010,Count,Households,10
2011,E01006348,E08000010,Count,Households,1
2011,E01006302,E08000010,Count,Households,9
2011,E01006303,E08000010,Count,Households,2
2011,E01006304,E08000010,Count,Households,18
2011,E01006341,E08000010,Count,Households,26
2011,E01006347,E08000010,Count,Households,3
